Distance [mm];By [];Bag;#;;;
0;-0,000283233;0,453;1;0;0;0
0,543277654;0,006726421;0,453;2;0,012616838;0,006434417;0,722891567
1,086555308;0,013494682;0,453;3;0,025233676;0,012867809;1,445783133
1,629832961;0,02028704;0,453;4;0,037850514;0,019299153;2,168674698
2,173110615;0,027069953;0,453;5;0,050467352;0,025727425;2,891566265
2,716388269;0,03384342;0,453;6;0,06308419;0,032151602;3,614457831
3,259665923;0,040607442;0,453;7;0,075701028;0,03857066;4,337349398
3,802943577;0,047362018;0,453;8;0,088317866;0,044983579;5,060240964
4,34622123;0,054107146;0,453;9;0,100934704;0,051389338;5,783132529
4,889498884;0,060842827;0,453;10;0,113551542;0,057786916;6,506024096
5,432776538;0,067569059;0,453;11;0,12616838;0,064175295;7,228915662
5,976054192;0,074285841;0,453;12;0,138785218;0,070553459;7,951807229
6,519331846;0,080994142;0,453;13;0,151402056;0,076920392;8,674698795
7,062609499;0,08770986;0,453;14;0,164018894;0,08327508;9,397590361
7,605887153;0,09441764;0,453;15;0,176635732;0,089616513;10,12048193
8,149164807;0,101117481;0,453;16;0,189252569;0,09594368;10,84337349
8,692442461;0,107809383;0,453;17;0,201869407;0,102255574;11,56626506
9,235720115;0,114493345;0,453;18;0,214486245;0,108551192;12,28915663
9,778997768;0,121169367;0,453;19;0,227103083;0,11482953;13,01204819
10,32227542;0,127837448;0,453;20;0,239719921;0,121089589;13,73493976
10,86555308;0,134497587;0,453;21;0,252336759;0,127330372;14,45783133
11,40883073;0,141149785;0,453;22;0,264953597;0,133550887;15,18072289
11,95210838;0,147794039;0,453;23;0,277570435;0,139750143;15,90361445
12,49538604;0,154430351;0,453;24;0,290187273;0,145927154;16,62650603
13,03866369;0,161058719;0,453;25;0,302804111;0,152080935;17,34939759
13,58194135;0,167679142;0,453;26;0,315420949;0,158210507;18,07228916
14,125219;0,174291621;0,453;27;0,328037787;0,164314895;18,79518072
14,66849665;0,180896154;0,453;28;0,340654625;0,170393127;19,51807229
15,21177431;0,187492742;0,453;29;0,353271463;0,176444236;20,24096386
15,75505196;0,194081383;0,453;30;0,365888301;0,182467258;20,96385542
16,29832961;0,200662076;0,453;31;0,378505139;0,188461234;21,68674698
16,84160727;0,207234823;0,453;32;0,391121977;0,19442521;22,40963856
17,38488492;0,213799621;0,453;33;0,403738815;0,200358237;23,13253012
17,92816258;0,22035647;0,453;34;0,416355653;0,206259371;23,85542169
18,47144023;0,226905371;0,453;35;0,428972491;0,212127672;24,57831325
19,01471788;0,233446321;0,453;36;0,441589329;0,217962206;25,30120481
19,55799554;0,239979322;0,453;37;0,454206167;0,223762044;26,02409639
20,10127319;0,246504371;0,453;38;0,466823005;0,229526263;26,74698795
20,64455084;0,252789898;0,453;39;0,479439843;0,235253946;27,46987951
21,1878285;0,258387592;0,453;40;0,492056681;0,24094418;28,19277109
21,73110615;0,263788265;0,453;41;0,504673519;0,24659606;28,91566265
22,27438381;0,269134158;0,453;42;0,517290357;0,252208686;29,63855422
22,81766146;0,274418754;0,453;43;0,529907195;0,257781166;30,36144578
23,36093911;0,279644068;0,453;44;0,542524032;0,26331261;31,08433734
23,90421677;0,284810545;0,453;45;0,555140871;0,268802141;31,80722892
24,44749442;0,289918186;0,453;46;0,567757708;0,274248882;32,53012048
24,99077207;0,294966993;0,453;47;0,580374546;0,279651968;33,25301204
25,53404973;0,299956968;0,453;48;0,592991384;0,285010538;33,97590362
26,07732738;0,304888111;0,453;49;0,605608222;0,29032374;34,69879518
26,62060504;0,309760424;0,453;50;0,61822506;0,295590727;35,42168675
27,16388269;0,314573909;0,453;51;0,630841898;0,300810661;36,14457831
27,70716034;0,319328566;0,453;52;0,643458736;0,305982712;36,86746987
28,250438;0,324024398;0,453;53;0,656075574;0,311106055;37,59036145
28,79371565;0,328661406;0,453;54;0,668692412;0,316179876;38,31325301
29,33699331;0,33323959;0,453;55;0,68130925;0,321203366;39,03614458
29,88027096;0,337758953;0,453;56;0,693926088;0,326175727;39,75903614
30,42354861;0,342219497;0,453;57;0,706542926;0,331096166;40,48192771
30,96682627;0,346621221;0,453;58;0,719159764;0,3359639;41,20481928
31,51010392;0,350964129;0,453;59;0,731776602;0,340778155;41,92771084
32,05338157;0,35524822;0,453;60;0,74439344;0,345538163;42,6506024
32,59665923;0,359473498;0,453;61;0,757010278;0,350243169;43,37349398
33,13993688;0,363639963;0,453;62;0,769627116;0,354892421;44,09638554
33,68321454;0,367747616;0,453;63;0,782243954;0,359485181;44,81927711
34,22649219;0,371796459;0,453;64;0,794860792;0,364020717;45,54216867
34,76976984;0,375786494;0,453;65;0,80747763;0,368498308;46,26506024
35,3130475;0,379717722;0,453;66;0,820094468;0,37291724;46,98795181
35,85632515;0,383590144;0,453;67;0,832711306;0,37727681;47,71084337
36,3996028;0,387403763;0,453;68;0,845328144;0,381576324;48,43373493
36,94288046;0,391158578;0,453;69;0,857944982;0,385815098;49,15662651
37,48615811;0,394854593;0,453;70;0,87056182;0,389992457;49,87951807
38,02943577;0,398308287;0,453;71;0,883178658;0,394107736;50,60240964
38,57271342;0,4014461;0,453;72;0,895795496;0,39816028;51,3253012
39,11599107;0,404094532;0,453;73;0,908412333;0,402149444;52,04819276
39,65926873;0,406340051;0,453;74;0,921029172;0,406074593;52,77108434
40,20254638;0,408558493;0,453;75;0,933646009;0,409935101;53,4939759
40,74582404;0,410749853;0,453;76;0,946262848;0,413730356;54,21686748
41,28910169;0,412914128;0,453;77;0,958879685;0,417459751;54,93975904
41,83237934;0,415161841;0,453;78;0,971496523;0,421122694;55,6626506
42,375657;0,417384617;0,453;79;0,984113361;0,424718602;56,38554217
42,91893465;0,419573379;0,453;80;0,996730199;0,428246902;57,10843373
43,4622123;0,421728126;0,453;81;1,009347037;0,431707033;57,83132529
44,00548996;0,423848856;0,453;82;1,021963875;0,435098444;58,55421687
44,54876761;0,425935568;0,453;83;1,034580713;0,438420594;59,27710843
45,09204527;0,427988261;0,453;84;1,047197551;0,441672956;60
45,63532292;0,430006931;0,453;85;1,059814389;0,444855011;60,72289157
46,17860057;0,431991579;0,453;86;1,072431227;0,447966253;61,44578313
46,72187823;0,433942202;0,453;87;1,085048065;0,451006186;62,1686747
47,26515588;0,435858799;0,453;88;1,097664903;0,453974328;62,89156626
47,80843353;0,437741369;0,453;89;1,110281741;0,456870204;63,61445782
48,35171119;0,43958991;0,453;90;1,122898579;0,459693355;64,3373494
48,89498884;0,441404419;0,453;91;1,135515417;0,46244333;65,06024096
49,4382665;0,443184897;0,453;92;1,148132255;0,465119693;65,78313253
49,98154415;0,444931341;0,453;93;1,160749093;0,467722017;66,5060241
50,5248218;0,44664375;0,453;94;1,173365931;0,470249888;67,22891566
51,06809946;0,448322122;0,453;95;1,185982769;0,472702903;67,95180723
51,61137711;0,449966455;0,453;96;1,198599607;0,475080672;68,67469879
52,15465477;0,451576749;0,453;97;1,211216445;0,477382816;69,39759037
52,69793242;0,453153002;0,453;98;1,223833283;0,47960897;70,12048193
53,24121007;0,454374581;0,453;99;1,236450121;0,481758778;70,84337349
53,78448773;0,455075718;0,453;100;1,249066959;0,483831899;71,56626506
54,32776538;0,455827959;0,453;101;1,261683797;0,485828002;72,28915662
54,87104303;0,456631299;0,453;102;1,274300634;0,48774677;73,01204819
55,41432069;0,457485734;0,453;103;1,286917473;0,489587897;73,73493976
55,95759834;0,458414936;0,453;104;1,29953431;0,49135109;74,45783132
56,500876;0,459375794;0,453;105;1,312151149;0,493036069;75,1807229
57,04415365;0,460182558;0,453;106;1,324767986;0,494642565;75,90361446
57,5874313;0,460785906;0,453;107;1,337384824;0,496170322;76,62650602
58,13070896;0,461358742;0,453;108;1,350001662;0,497619098;77,34939759
58,67398661;0,461901066;0,453;109;1,3626185;0,498988662;78,07228915
59,21726426;0,462412879;0,453;110;1,375235338;0,500278795;78,79518072
59,76054192;0,462894182;0,453;111;1,387852176;0,501489293;79,51807229
60,30381957;0,463344975;0,453;112;1,400469014;0,502619963;80,24096385
60,84709723;0,463765259;0,453;113;1,413085852;0,503670624;80,96385543
61,39037488;0,464155034;0,453;114;1,42570269;0,50464111;81,68674699
61,93365253;0,464514302;0,453;115;1,438319528;0,505531265;82,40963855
62,47693019;0,464843061;0,453;116;1,450936366;0,506340949;83,13253012
63,02020784;0,465138762;0,453;117;1,463553204;0,507070032;83,85542168
63,56348549;0,465388858;0,453;118;1,476170042;0,507718399;84,57831324
64,10676315;0,465617245;0,453;119;1,48878688;0,508285946;85,30120482
64,6500408;0,465823924;0,453;120;1,501403718;0,508772582;86,02409638
65,19331846;0,466008897;0,453;121;1,514020556;0,509178231;86,74698795
65,73659611;0,466172164;0,453;122;1,526637394;0,509502828;87,46987952
66,27987376;0,466313725;0,453;123;1,539254232;0,509746321;88,19277108
66,82315142;0,466433581;0,453;124;1,55187107;0,509908671;88,91566265
67,36642907;0,466531733;0,453;125;1,564487908;0,509989852;89,63855421
67,90970673;0,466608182;0,453;126;1,577104746;0,509989852;90,36144579
68,45298438;0,466660434;0,453;127;1,589721584;0,509908671;91,08433735
68,99626203;0,466667541;0,453;128;1,602338422;0,509746321;91,80722891
69,53953969;0,468214837;0,453;129;1,61495526;0,509502828;92,53012048
70,08281734;0,468221103;0,453;130;1,627572098;0,509178231;93,25301205
70,62609499;0,468187389;0,453;131;1,640188935;0,508772582;93,97590361
71,16937265;0,468112941;0,453;132;1,652805774;0,508285946;94,69879518
71,7126503;0,467378018;0,453;133;1,665422611;0,507718399;95,42168674
72,25592796;0,466622768;0,453;134;1,67803945;0,507070032;96,14457832
72,79920561;0,465847193;0,453;135;1,690656287;0,506340949;96,86746988
73,34248326;0,465051297;0,453;136;1,703273125;0,505531265;97,59036144
73,88576092;0,464235079;0,453;137;1,715889963;0,50464111;98,31325301
74,42903857;0,463398541;0,453;138;1,728506801;0,503670624;99,03614457
74,97231622;0,462541686;0,453;139;1,741123639;0,502619963;99,75903614
75,51559388;0,461664515;0,453;140;1,753740477;0,501489293;100,4819277
76,05887153;0,46076703;0,453;141;1,766357315;0,500278795;101,2048193
76,60214919;0,459849232;0,453;142;1,778974153;0,498988662;101,9277108
77,14542684;0,458911123;0,453;143;1,791590991;0,497619098;102,6506024
77,68870449;0,457952705;0,453;144;1,804207829;0,496170322;103,373494
78,23198215;0,456973979;0,453;145;1,816824667;0,494642565;104,0963855
78,7752598;0,455974947;0,453;146;1,829441505;0,493036069;104,8192771
79,31853746;0,454955611;0,453;147;1,842058343;0,49135109;105,5421687
79,86181511;0,453915972;0,453;148;1,854675181;0,489587897;106,2650602
80,40509276;0,452856032;0,453;149;1,867292019;0,48774677;106,9879518
80,94837042;0,451775794;0,453;150;1,879908857;0,485828002;107,7108434
81,49164807;0,450675257;0,453;151;1,892525695;0,483831899;108,4337349
82,03492572;0,449554425;0,453;152;1,905142533;0,481758778;109,1566265
82,57820338;0,448413299;0,453;153;1,917759371;0,47960897;109,8795181
83,12148103;0,447251881;0,453;154;1,930376209;0,477382816;110,6024096
83,66475869;0,446070171;0,453;155;1,942993047;0,475080672;111,3253012
84,20803634;0,444868173;0,453;156;1,955609885;0,472702903;112,0481928
84,75131399;0,443645887;0,453;157;1,968226723;0,470249888;112,7710843
85,29459165;0,442381283;0,453;158;1,980843561;0,467722017;113,4939759
85,8378693;0,441083556;0,453;159;1,993460399;0,465119693;114,2168675
86,38114695;0,439760424;0,453;160;2,006077236;0,46244333;114,939759
86,92442461;0,438411887;0,453;161;2,018694075;0,459693355;115,6626506
87,46770226;0,437037944;0,453;162;2,031310912;0,456870204;116,3855422
88,01097992;0,435638594;0,453;163;2,043927751;0,453974328;117,1084337
88,55425757;0,434213837;0,453;164;2,056544588;0,451006186;117,8313253
89,09753522;0,432763672;0,453;165;2,069161426;0,447966253;118,5542169
89,64081288;0,431288098;0,453;166;2,081778264;0,444855011;119,2771084
90,18409053;0,429787114;0,453;167;2,094395102;0,441672956;120
90,72736819;0,428260719;0,453;168;2,10701194;0,438420594;120,7228916
91,27064584;0,426708913;0,453;169;2,119628778;0,435098444;121,4457831
91,81392349;0,425131694;0,453;170;2,132245616;0,431707033;122,1686747
92,35720115;0,423529063;0,453;171;2,144862454;0,428246902;122,8915663
92,9004788;0,421901018;0,453;172;2,157479292;0,424718602;123,6144578
93,44375645;0,420247558;0,453;173;2,17009613;0,421122694;124,3373494
93,98703411;0,418236214;0,453;174;2,182712968;0,417459751;125,060241
94,53031176;0,415830041;0,453;175;2,195329806;0,413730356;125,7831325
95,07358942;0,413489752;0,453;176;2,207946644;0,409935101;126,5060241
95,61686707;0,41087604;0,453;177;2,220563482;0,406074593;127,2289157
96,16014472;0,407588466;0,453;178;2,23318032;0,402149444;127,9518072
96,70342238;0,404242649;0,453;179;2,245797158;0,39816028;128,6746988
97,24670003;0,400838584;0,453;180;2,258413996;0,394107736;129,3975904
97,78997768;0,397376266;0,453;181;2,271030834;0,389992457;130,1204819
98,33325534;0,393855687;0,453;182;2,283647672;0,385815098;130,8433735
98,87653299;0,390276844;0,453;183;2,29626451;0,381576324;131,5662651
99,41981065;0,386639731;0,453;184;2,308881348;0,37727681;132,2891566
99,9630883;0,382944342;0,453;185;2,321498186;0,37291724;133,0120482
100,506366;0,379190671;0,453;186;2,334115025;0,368498308;133,7349398
101,0496436;0,375378713;0,453;187;2,346731861;0,364020718;134,4578313
101,5929213;0,371508462;0,453;188;2,359348701;0,359485181;135,1807229
102,1361989;0,367579914;0,453;189;2,371965537;0,354892421;135,9036144
102,6794766;0,363593062;0,453;190;2,384582376;0,350243168;136,6265061
103,2227542;0,359547901;0,453;191;2,397199213;0,345538164;137,3493976
103,7660319;0,355444425;0,453;192;2,409816052;0,340778155;138,0722892
104,3093095;0,351282629;0,453;193;2,422432889;0,3359639;138,7951807
104,8525872;0,347062508;0,453;194;2,435049728;0,331096166;139,5180723
105,3958648;0,342784055;0,453;195;2,447666565;0,326175727;140,2409638
105,9391425;0,338447266;0,453;196;2,460283404;0,321203366;140,9638554
106,4824201;0,334052135;0,453;197;2,47290024;0,316179876;141,6867469
107,0256978;0,329598656;0,453;198;2,485517079;0,311106055;142,4096386
107,5689755;0,325086824;0,453;199;2,498133918;0,305982711;143,1325302
108,1122531;0,320516634;0,453;200;2,510750755;0,300810661;143,8554217
108,6555308;0,31588808;0,453;201;2,523367594;0,295590727;144,5783133
109,1988084;0,311201156;0,453;202;2,535984431;0,29032374;145,3012048
109,7420861;0,306455857;0,453;203;2,54860127;0,285010538;146,0240964
110,2853637;0,301652177;0,453;204;2,561218107;0,279651968;146,7469879
110,8286414;0,296790112;0,453;205;2,573834946;0,274248882;147,4698795
111,371919;0,291912169;0,453;206;2,586451782;0,268802141;148,192771
111,9151967;0,287762558;0,453;207;2,599068621;0,26331261;148,9156627
112,4584743;0,281619046;0,453;208;2,611685458;0,257781166;149,6385542
113,001752;0,275678545;0,453;209;2,624302297;0,252208686;150,3614458
113,5450296;0,269708665;0,453;210;2,636919134;0,246596061;151,0843373
114,0883073;0,263708629;0,453;211;2,649535973;0,24094418;151,8072289
114,631585;0,257667213;0,453;212;2,662152812;0,235253945;152,5301205
115,1748626;0,251597034;0,453;213;2,674769649;0,229526263;153,253012
115,7181403;0,245498092;0,453;214;2,687386488;0,223762044;153,9759037
116,2614179;0,239370387;0,453;215;2,700003324;0,217962206;154,6987952
116,8046956;0,233213918;0,453;216;2,712620163;0,212127672;155,4216868
117,3479732;0,227028686;0,453;217;2,725237;0,206259371;156,1445783
117,8912509;0,22081469;0,453;218;2,737853839;0,200358237;156,8674699
118,4345285;0,214571928;0,453;219;2,750470676;0,19442521;157,5903614
118,9778062;0,208300402;0,453;220;2,763087515;0,188461234;158,313253
119,5210838;0,202000111;0,453;221;2,775704352;0,182467258;159,0361445
120,0643615;0,195671054;0,453;222;2,788321191;0,176444236;159,7590362
120,6076391;0,189313231;0,453;223;2,800938027;0,170393128;160,4819276
121,1509168;0,182926642;0,453;224;2,813554866;0,164314895;161,2048193
121,6941945;0,176511286;0,453;225;2,826171705;0,158210507;161,9277109
122,2374721;0,170067163;0,453;226;2,838788542;0,152080935;162,6506024
122,7807498;0,163594273;0,453;227;2,851405381;0,145927153;163,373494
123,3240274;0,157092615;0,453;228;2,864022218;0,139750143;164,0963855
123,8673051;0,150562189;0,453;229;2,876639057;0,133550887;164,8192771
124,4105827;0,144002995;0,453;230;2,889255894;0,127330373;165,5421686
124,9538604;0,137415032;0,453;231;2,901872733;0,121089588;166,2650603
125,497138;0,1307983;0,453;232;2,914489569;0,11482953;166,9879518
126,0404157;0,124152799;0,453;233;2,927106409;0,108551192;167,7108434
126,5836933;0,117478528;0,453;234;2,939723245;0,102255575;168,4337349
127,126971;0,110775487;0,453;235;2,952340084;0,09594368;169,1566265
127,6702486;0,103872933;0,453;236;2,964956921;0,089616513;169,879518
128,2135263;0,096937986;0,453;237;2,97757376;0,08327508;170,6024096
128,756804;0,090004264;0,453;238;2,990190599;0,076920391;171,3253013
129,3000816;0,083071767;0,453;239;3,002807436;0,070553459;172,0481928
129,8433593;0,076140495;0,453;240;3,015424275;0,064175294;172,7710844
130,3866369;0,069210446;0,453;241;3,028041112;0,057786916;173,4939759
130,9299146;0,062281621;0,453;242;3,040657951;0,051389337;174,2168675
131,4731922;0,055354019;0,453;243;3,053274787;0,04498358;174,939759
132,0164699;0,048427639;0,453;244;3,065891626;0,03857066;175,6626506
132,5597475;0,041502481;0,453;245;3,078508463;0,032151602;176,3855421
133,1030252;0,034578545;0,453;246;3,091125302;0,025727425;177,1084338
133,6463028;0,027655829;0,453;247;3,103742139;0,019299154;177,8313252
134,1895805;0,020734334;0,453;248;3,116358978;0,012867809;178,5542169
134,7328581;0,013814059;0,453;249;3,128975815;0,006434417;179,2771084
135,2761358;0,006895004;0,453;250;3,141592654;6,24826E-17;180
135,8194135;-2,33E-05;-0,453;1;3,154209493;-0,006434417;180,7228916
136,3626911;-0,006951296;-0,453;2;3,166826329;-0,012867809;181,4457831
136,9059688;-0,013879276;-0,453;3;3,179443168;-0,019299154;182,1686748
137,4492464;-0,020807257;-0,453;4;3,192060005;-0,025727425;182,8915662
137,9925241;-0,027704926;-0,453;5;3,204676844;-0,032151602;183,6144579
138,5358017;-0,034598062;-0,453;6;3,217293681;-0,03857066;184,3373494
139,0790794;-0,041489119;-0,453;7;3,22991052;-0,04498358;185,060241
139,622357;-0,048391684;-0,453;8;3,242527357;-0,051389337;185,7831325
140,1656347;-0,055303805;-0,453;9;3,255144196;-0,057786916;186,5060241
140,7089123;-0,062205379;-0,453;10;3,267761032;-0,064175294;187,2289156
141,25219;-0,069096405;-0,453;11;3,280377871;-0,070553459;187,9518072
141,7954676;-0,075976883;-0,453;12;3,292994708;-0,076920391;188,6746987
142,3387453;-0,082827572;-0,453;13;3,305611547;-0,08327508;189,3975904
142,882023;-0,089603544;-0,453;14;3,318228386;-0,089616513;190,120482
143,4253006;-0,096367225;-0,453;15;3,330845223;-0,09594368;190,8433735
143,9685783;-0,103118616;-0,453;16;3,343462062;-0,102255575;191,5662651
144,5118559;-0,109857716;-0,453;17;3,356078899;-0,108551192;192,2891566
145,0551336;-0,116584527;-0,453;18;3,368695738;-0,11482953;193,0120482
145,5984112;-0,123299049;-0,453;19;3,381312574;-0,121089588;193,7349397
146,1416889;-0,130001284;-0,453;20;3,393929413;-0,127330373;194,4578314
146,6849665;-0,136691233;-0,453;21;3,40654625;-0,133550887;195,1807229
147,2282442;-0,143368896;-0,453;22;3,419163089;-0,139750143;195,9036145
147,7715218;-0,150034275;-0,453;23;3,431779926;-0,145927153;196,626506
148,3147995;-0,156659763;-0,453;24;3,444396765;-0,152080935;197,3493976
148,8580771;-0,163237212;-0,453;25;3,457013602;-0,158210507;198,0722891
149,4013548;-0,169800059;-0,453;26;3,469630441;-0,164314895;198,7951807
149,9446324;-0,176348309;-0,453;27;3,482247277;-0,170393127;199,5180722
150,4879101;-0,182881965;-0,453;28;3,494864116;-0,176444236;200,2409638
151,0311878;-0,189401031;-0,453;29;3,507480956;-0,182467258;200,9638555
151,5744654;-0,195905511;-0,453;30;3,520097792;-0,188461234;201,686747
152,1177431;-0,202395408;-0,453;31;3,532714631;-0,19442521;202,4096386
152,6610207;-0,208870727;-0,453;32;3,545331468;-0,200358237;203,1325301
153,2042984;-0,215331472;-0,453;33;3,557948307;-0,206259371;203,8554217
153,747576;-0,221777646;-0,453;34;3,570565144;-0,212127672;204,5783132
154,2908537;-0,228209254;-0,453;35;3,583181983;-0,217962206;205,3012048
154,8341313;-0,234489674;-0,453;36;3,59579882;-0,223762044;206,0240963
155,377409;-0,240598825;-0,453;37;3,608415659;-0,229526263;206,746988
155,9206866;-0,246670529;-0,453;38;3,621032495;-0,235253945;207,4698795
156,4639643;-0,252704787;-0,453;39;3,633649334;-0,24094418;208,1927711
157,0072419;-0,258701599;-0,453;40;3,646266171;-0,24659606;208,9156626
157,5505196;-0,264660968;-0,453;41;3,65888301;-0,252208686;209,6385542
158,0937973;-0,270372382;-0,453;42;3,671499849;-0,257781166;210,3614458
158,6370749;-0,27596349;-0,453;43;3,684116686;-0,26331261;211,0843373
159,1803526;-0,281516803;-0,453;44;3,696733525;-0,268802141;211,807229
159,7236302;-0,287032324;-0,453;45;3,709350362;-0,274248882;212,5301205
160,2669079;-0,292510056;-0,453;46;3,721967201;-0,279651968;213,2530121
160,8101855;-0,297950003;-0,453;47;3,734584037;-0,285010538;213,9759036
161,3534632;-0,303352166;-0,453;48;3,747200876;-0,29032374;214,6987952
161,8967408;-0,308716549;-0,453;49;3,759817713;-0,295590727;215,4216867
162,4400185;-0,314043155;-0,453;50;3,772434552;-0,300810661;216,1445783
162,9832961;-0,319290201;-0,453;51;3,785051389;-0,305982711;216,8674698
163,5265738;-0,324152423;-0,453;52;3,797668228;-0,311106055;217,5903614
164,0698514;-0,329000462;-0,453;53;3,810285065;-0,316179875;218,3132529
164,6131291;-0,333834321;-0,453;54;3,822901904;-0,321203366;219,0361446
165,1564068;-0,338641255;-0,453;55;3,835518743;-0,326175727;219,7590362
165,6996844;-0,342433063;-0,453;56;3,848135579;-0,331096166;220,4819277
166,2429621;-0,346174506;-0,453;57;3,860752418;-0,3359639;221,2048193
166,7862397;-0,349865586;-0,453;58;3,873369255;-0,340778155;221,9277108
167,3295174;-0,353506302;-0,453;59;3,885986094;-0,345538164;222,6506024
167,872795;-0,357096655;-0,453;60;3,898602931;-0,350243168;223,3734939
168,4160727;-0,360636645;-0,453;61;3,91121977;-0,354892421;224,0963856
168,9593503;-0,364126272;-0,453;62;3,923836607;-0,359485181;224,8192771
169,502628;-0,367565536;-0,453;63;3,936453446;-0,364020718;225,5421687
170,0459056;-0,370954439;-0,453;64;3,949070282;-0,368498308;226,2650602
170,5891833;-0,374292979;-0,453;65;3,961687121;-0,37291724;226,9879518
171,1324609;-0,377581158;-0,453;66;3,974303958;-0,37727681;227,7108433
171,6757386;-0,380818976;-0,453;67;3,986920797;-0,381576324;228,4337349
172,2190163;-0,384006432;-0,453;68;3,999537636;-0,385815099;229,1566266
172,7622939;-0,387143528;-0,453;69;4,012154473;-0,389992457;229,8795181
173,3055716;-0,390230263;-0,453;70;4,024771312;-0,394107736;230,6024097
173,8488492;-0,393266639;-0,453;71;4,037388149;-0,39816028;231,3253012
174,3921269;-0,396252654;-0,453;72;4,050004988;-0,402149444;232,0481928
174,9354045;-0,39918831;-0,453;73;4,062621824;-0,406074592;232,7710843
175,4786822;-0,402073606;-0,453;74;4,075238664;-0,409935101;233,4939759
176,0219598;-0,404908544;-0,453;75;4,0878555;-0,413730355;234,2168674
176,5652375;-0,407693123;-0,453;76;4,100472339;-0,417459751;234,939759
177,1085151;-0,410427343;-0,453;77;4,113089176;-0,421122694;235,6626505
177,6517928;-0,413111206;-0,453;78;4,125706015;-0,424718602;236,3855422
178,1950704;-0,415744711;-0,453;79;4,138322852;-0,428246902;237,1084337
178,7383481;-0,418327858;-0,453;80;4,150939691;-0,431707033;237,8313253
179,2816258;-0,420860649;-0,453;81;4,16355653;-0,435098444;238,5542169
179,8249034;-0,423278547;-0,453;82;4,176173367;-0,438420594;239,2771084
180,3681811;-0,420850456;-0,453;83;4,188790206;-0,441672956;240
180,9114587;-0,423098316;-0,453;84;4,201407042;-0,444855011;240,7228915
181,4547364;-0,42535226;-0,453;85;4,214023881;-0,447966253;241,4457832
181,998014;-0,430951768;-0,453;86;4,226640718;-0,451006186;242,1686747
182,5412917;-0,432557746;-0,453;87;4,239257557;-0,453974328;242,8915663
183,0845693;-0,434137025;-0,453;88;4,251874394;-0,456870204;243,6144578
183,627847;-0,43566967;-0,453;89;4,264491233;-0,459693355;244,3373494
184,1711246;-0,437178229;-0,453;90;4,27710807;-0,46244333;245,0602409
184,7144023;-0,438663124;-0,453;91;4,289724909;-0,465119693;245,7831325
185,2576799;-0,440124352;-0,453;92;4,302341745;-0,467722017;246,506024
185,8009576;-0,441561913;-0,453;93;4,314958584;-0,470249888;247,2289157
186,3442353;-0,442975805;-0,453;94;4,327575423;-0,472702903;247,9518073
186,8875129;-0,444390614;-0,453;95;4,34019226;-0,475080672;248,6746988
187,4307906;-0,445819835;-0,453;96;4,352809099;-0,477382816;249,3975904
187,9740682;-0,447224803;-0,453;97;4,365425936;-0,47960897;250,1204819
188,5173459;-0,448605516;-0,453;98;4,378042775;-0,481758778;250,8433735
189,0606235;-0,449961971;-0,453;99;4,390659612;-0,483831899;251,566265
189,6039012;-0,451294166;-0,453;100;4,403276451;-0,485828002;252,2891567
190,1471788;-0,452602099;-0,453;101;4,415893287;-0,487746769;253,0120481
190,6904565;-0,453885768;-0,453;102;4,428510126;-0,489587897;253,7349398
191,2337341;-0,455145171;-0,453;103;4,441126963;-0,49135109;254,4578313
191,7770118;-0,456380304;-0,453;104;4,453743802;-0,493036069;255,1807229
192,3202894;-0,457591168;-0,453;105;4,466360639;-0,494642564;255,9036144
192,8635671;-0,458777757;-0,453;106;4,478977478;-0,496170322;256,626506
193,4068448;-0,459940072;-0,453;107;4,491594317;-0,497619098;257,3493976
193,9501224;-0,461078109;-0,453;108;4,504211154;-0,498988662;258,0722891
194,4934001;-0,462191867;-0,453;109;4,516827993;-0,500278795;258,7951808
195,0366777;-0,463281343;-0,453;110;4,529444829;-0,501489293;259,5180723
195,5799554;-0,463731695;-0,453;111;4,542061668;-0,502619963;260,2409639
196,123233;-0,464047405;-0,453;112;4,554678505;-0,503670624;260,9638554
196,6665107;-0,464361687;-0,453;113;4,567295344;-0,50464111;261,686747
197,2097883;-0,464674542;-0,453;114;4,579912181;-0,505531265;262,4096385
197,753066;-0,46498597;-0,453;115;4,59252902;-0,506340949;263,1325301
198,2963436;-0,465295971;-0,453;116;4,605145857;-0,507070032;263,8554216
198,8396213;-0,465604546;-0,453;117;4,617762696;-0,507718399;264,5783133
199,3828989;-0,465911694;-0,453;118;4,630379532;-0,508285946;265,3012048
199,9261766;-0,466217415;-0,453;119;4,642996371;-0,508772582;266,0240964
200,4694543;-0,466531466;-0,453;120;4,655613211;-0,509178231;266,746988
201,0127319;-0,466950751;-0,453;121;4,668230047;-0,509502828;267,4698795
201,5560096;-0,467285266;-0,453;122;4,680846886;-0,509746321;268,1927711
202,0992872;-0,467300245;-0,453;123;4,693463723;-0,509908671;268,9156626
202,6425649;-0,467360215;-0,453;124;4,706080562;-0,509989852;269,6385543
203,1858425;-0,467404627;-0,453;125;4,718697399;-0,509989852;270,3614457
203,7291202;-0,467433479;-0,453;126;4,731314238;-0,509908671;271,0843374
204,2723978;-0,467446772;-0,453;127;4,743931074;-0,509746321;271,8072289
204,8156755;-0,467444508;-0,453;128;4,756547914;-0,509502828;272,5301205
205,3589531;-0,467426685;-0,453;129;4,76916475;-0,509178231;273,253012
205,9022308;-0,467393305;-0,453;130;4,781781589;-0,508772582;273,9759036
206,4455084;-0,467344368;-0,453;131;4,794398426;-0,508285946;274,6987951
206,9887861;-0,467279874;-0,453;132;4,807015265;-0,507718399;275,4216867
207,5320638;-0,467199824;-0,453;133;4,819632104;-0,507070032;276,1445784
208,0753414;-0,466962124;-0,453;134;4,832248941;-0,506340949;276,8674699
208,6186191;-0,466575711;-0,453;135;4,84486578;-0,505531265;277,5903615
209,1618967;-0,466182054;-0,453;136;4,857482617;-0,50464111;278,313253
209,7051744;-0,465781156;-0,453;137;4,870099456;-0,503670624;279,0361446
210,248452;-0,465373019;-0,453;138;4,882716292;-0,502619963;279,7590361
210,7917297;-0,464957645;-0,453;139;4,895333131;-0,501489293;280,4819277
211,3350073;-0,464535038;-0,453;140;4,907949968;-0,500278795;281,2048192
211,878285;-0,464105198;-0,453;141;4,920566807;-0,498988662;281,9277109
212,4215626;-0,463385345;-0,453;142;4,933183644;-0,497619098;282,6506024
212,9648403;-0,462624186;-0,453;143;4,945800483;-0,496170322;283,373494
213,5081179;-0,461838551;-0,453;144;4,95841732;-0,494642565;284,0963855
214,0513956;-0,461028437;-0,453;145;4,971034159;-0,493036069;284,8192771
214,5946733;-0,460190111;-0,453;146;4,983650998;-0,49135109;285,5421687
215,1379509;-0,459184595;-0,453;147;4,996267834;-0,489587897;286,2650602
215,6812286;-0,458146525;-0,453;148;5,008884673;-0,487746769;286,9879519
216,2245062;-0,457075901;-0,453;149;5,02150151;-0,485828002;287,7108433
216,7677839;-0,455972722;-0,453;150;5,034118349;-0,483831899;288,433735
217,3110615;-0,454836986;-0,453;151;5,046735186;-0,481758778;289,1566265
217,8543392;-0,453668694;-0,453;152;5,059352025;-0,47960897;289,8795181
218,3976168;-0,452467843;-0,453;153;5,071968862;-0,477382816;290,6024096
218,9408945;-0,451234434;-0,453;154;5,084585701;-0,475080672;291,3253012
219,4841721;-0,449968465;-0,453;155;5,097202537;-0,472702903;292,0481927
220,0274498;-0,448669936;-0,453;156;5,109819376;-0,470249888;292,7710843
220,5707274;-0,447338846;-0,453;157;5,122436213;-0,467722017;293,4939758
221,1140051;-0,445975193;-0,453;158;5,135053052;-0,465119693;294,2168675
221,6572828;-0,444578978;-0,453;159;5,147669891;-0,46244333;294,9397591
222,2005604;-0,443150199;-0,453;160;5,160286728;-0,459693355;295,6626506
222,7438381;-0,441688856;-0,453;161;5,172903567;-0,456870204;296,3855422
223,2871157;-0,440194948;-0,453;162;5,185520404;-0,453974328;297,1084337
223,8303934;-0,438668473;-0,453;163;5,198137243;-0,451006186;297,8313253
224,373671;-0,437109432;-0,453;164;5,210754079;-0,447966253;298,5542168
224,9169487;-0,435517823;-0,453;165;5,223370918;-0,444855011;299,2771085
225,4602263;-0,433746138;-0,453;166;5,235987755;-0,441672956;300
226,003504;-0,431902597;-0,453;167;5,248604594;-0,438420594;300,7228916
226,5467816;-0,429923612;-0,453;168;5,261221431;-0,435098444;301,4457831
227,0900593;-0,427752016;-0,453;169;5,27383827;-0,431707033;302,1686747
227,6333369;-0,425568636;-0,453;170;5,286455107;-0,428246903;302,8915662
228,1766146;-0,423373475;-0,453;171;5,299071946;-0,424718602;303,6144578
228,7198923;-0,421166536;-0,453;172;5,311688785;-0,421122694;304,3373495
229,2631699;-0,41894782;-0,453;173;5,324305622;-0,417459751;305,060241
229,8064476;-0,416717331;-0,453;174;5,336922461;-0,413730355;305,7831326
230,3497252;-0,414411313;-0,453;175;5,349539297;-0,409935101;306,5060241
230,8930029;-0,411696302;-0,453;176;5,362156136;-0,406074592;307,2289157
231,4362805;-0,408942377;-0,453;177;5,374772973;-0,402149444;307,9518072
231,9795582;-0,405630474;-0,453;178;5,387389812;-0,39816028;308,6746988
232,5228358;-0,402023736;-0,453;179;5,400006649;-0,394107736;309,3975903
233,0661135;-0,398381076;-0,453;180;5,412623488;-0,389992457;310,1204819
233,6093911;-0,394702493;-0,453;181;5,425240325;-0,385815099;310,8433734
234,1526688;-0,390987986;-0,453;182;5,437857164;-0,381576324;311,5662651
234,6959464;-0,38723755;-0,453;183;5,450474;-0,37727681;312,2891566
235,2392241;-0,383451186;-0,453;184;5,463090839;-0,37291724;313,0120482
235,7825018;-0,37962889;-0,453;185;5,475707678;-0,368498308;313,7349398
236,3257794;-0,37577066;-0,453;186;5,488324515;-0,364020718;314,4578313
236,8690571;-0,371876495;-0,453;187;5,500941354;-0,359485181;315,1807229
237,4123347;-0,367946391;-0,453;188;5,513558191;-0,354892421;315,9036144
237,9556124;-0,363980348;-0,453;189;5,52617503;-0,350243168;316,6265061
238,49889;-0,359978363;-0,453;190;5,538791867;-0,345538164;317,3493976
239,0421677;-0,355940433;-0,453;191;5,551408706;-0,340778155;318,0722892
239,5854453;-0,351866558;-0,453;192;5,564025542;-0,3359639;318,7951807
240,128723;-0,347756733;-0,453;193;5,576642381;-0,331096166;319,5180723
240,6720006;-0,343610959;-0,453;194;5,589259218;-0,326175727;320,2409638
241,2152783;-0,339429231;-0,453;195;5,601876057;-0,321203366;320,9638554
241,7585559;-0,335211549;-0,453;196;5,614492894;-0,316179876;321,6867469
242,3018336;-0,33095791;-0,453;197;5,627109733;-0,311106055;322,4096386
242,8451112;-0,326668313;-0,453;198;5,63972657;-0,305982712;323,13253
243,3883889;-0,322342754;-0,453;199;5,652343409;-0,300810661;323,8554217
243,9316666;-0,317981232;-0,453;200;5,664960248;-0,295590727;324,5783133
244,4749442;-0,313583745;-0,453;201;5,677577084;-0,29032374;325,3012048
245,0182219;-0,30915029;-0,453;202;5,690193923;-0,285010538;326,0240964
245,5614995;-0,304680866;-0,453;203;5,70281076;-0,279651968;326,7469879
246,1047772;-0,300175471;-0,453;204;5,715427599;-0,274248882;327,4698795
246,6480548;-0,295634102;-0,453;205;5,728044436;-0,268802141;328,192771
247,1913325;-0,291056757;-0,453;206;5,740661275;-0,26331261;328,9156627
247,7346101;-0,286443435;-0,453;207;5,753278112;-0,257781166;329,6385542
248,2778878;-0,281764945;-0,453;208;5,765894951;-0,252208686;330,3614458
248,8211654;-0,276609215;-0,453;209;5,778511787;-0,246596061;331,0843373
249,3644431;-0,270564992;-0,453;210;5,791128626;-0,24094418;331,8072289
249,9077207;-0,264700062;-0,453;211;5,803745463;-0,235253946;332,5301204
250,4509984;-0,258834002;-0,453;212;5,816362302;-0,229526263;333,253012
250,9942761;-0,252471869;-0,453;213;5,828979141;-0,223762044;333,9759037
251,5375537;-0,246337407;-0,453;214;5,841595978;-0,217962206;334,6987952
252,0808314;-0,240243961;-0,453;215;5,854212817;-0,212127672;335,4216868
252,624109;-0,23401668;-0,453;216;5,866829654;-0,206259371;336,1445783
253,1673867;-0,227675421;-0,453;217;5,879446493;-0,200358237;336,8674699
253,7106643;-0,221316605;-0,453;218;5,892063329;-0,19442521;337,5903614
254,253942;-0,214940234;-0,453;219;5,904680169;-0,188461234;338,313253
254,7972196;-0,208546307;-0,453;220;5,917297005;-0,182467258;339,0361445
255,3404973;-0,202133889;-0,453;221;5,929913844;-0,176444236;339,7590362
255,8837749;-0,195701848;-0,453;222;5,942530681;-0,170393128;340,4819276
256,4270526;-0,189252496;-0,453;223;5,95514752;-0,164314895;341,2048193
256,9703302;-0,182785833;-0,453;224;5,967764357;-0,158210508;341,9277108
257,5136079;-0,17630186;-0,453;225;5,980381196;-0,152080935;342,6506024
258,0568856;-0,16980058;-0,453;226;5,992998035;-0,145927153;343,373494
258,6001632;-0,163281992;-0,453;227;6,005614872;-0,139750143;344,0963855
259,1434409;-0,1567461;-0,453;228;6,018231711;-0,133550887;344,8192771
259,6867185;-0,150192902;-0,453;229;6,030848547;-0,127330373;345,5421686
260,2299962;-0,143622402;-0,453;230;6,043465386;-0,121089588;346,2650603
260,7732738;-0,137034601;-0,453;231;6,056082223;-0,11482953;346,9879518
261,3165515;-0,130429498;-0,453;232;6,068699062;-0,108551192;347,7108434
261,8598291;-0,123807097;-0,453;233;6,081315899;-0,102255575;348,4337349
262,4031068;-0,117167398;-0,453;234;6,093932738;-0,09594368;349,1566265
262,9463844;-0,110510402;-0,453;235;6,106549575;-0,089616513;349,879518
263,4896621;-0,10383611;-0,453;236;6,119166414;-0,08327508;350,6024096
264,0329397;-0,097144525;-0,453;237;6,13178325;-0,076920392;351,3253011
264,5762174;-0,090435647;-0,453;238;6,144400089;-0,070553459;352,0481928
265,1194951;-0,083709478;-0,453;239;6,157016928;-0,064175294;352,7710844
265,6627727;-0,076966018;-0,453;240;6,169633765;-0,057786916;353,4939759
266,2060504;-0,070127616;-0,453;241;6,182250604;-0,051389337;354,2168675
266,749328;-0,063194941;-0,453;242;6,194867441;-0,04498358;354,939759
267,2926057;-0,056248878;-0,453;243;6,20748428;-0,03857066;355,6626506
267,8358833;-0,049289425;-0,453;244;6,220101117;-0,032151602;356,3855421
268,379161;-0,042316574;-0,453;245;6,232717956;-0,025727425;357,1084338
268,9224386;-0,035330323;-0,453;246;6,245334792;-0,019299154;357,8313252
269,4657163;-0,028330667;-0,453;247;6,257951631;-0,012867809;358,5542169
270,0089939;-0,021314473;-0,453;248;6,270568468;-0,006434417;359,2771084
270,5522716;-0,014272965;-0,453;249;6,283185307;-1,24965E-16;360
271,0955492;-0,007213978;-0,453;250;6,295802144;0,006434416;360,7228915
271,6388269;-0,00013751;-0,453;251;6,308418983;0,012867809;361,4457831
272,1821046;0,006905046;0,453;1;6,321035822;0,019299154;362,1686748
272,7253822;0,013912085;0,453;2;6,333652659;0,025727425;362,8915662
273,2686599;0,020898625;0,453;3;6,346269498;0,032151602;363,6144579
273,8119375;0,027864668;0,453;4;6,358886334;0,03857066;364,3373494
274,3552152;0,034810214;0,453;5;6,371503173;0,04498358;365,060241
274,8984928;0,041735267;0,453;6;6,38412001;0,051389337;365,7831325
275,4417705;0,048639827;0,453;7;6,396736849;0,057786916;366,5060241
275,9850481;0,055523897;0,453;8;6,409353686;0,064175294;367,2289156
276,5283258;0,062387477;0,453;9;6,421970525;0,070553459;367,9518072
277,0716034;0,069230571;0,453;10;6,434587362;0,076920391;368,6746987
277,6148811;0,076053179;0,453;11;6,447204201;0,08327508;369,3975904
278,1581587;0,082855303;0,453;12;6,459821037;0,089616512;370,1204819
278,7014364;0,089636946;0,453;13;6,472437877;0,09594368;370,8433735
279,2447141;0,096398108;0,453;14;6,485054716;0,102255575;371,5662651
279,7879917;0,103138792;0,453;15;6,497671552;0,108551192;372,2891566
280,3312694;0,109859;0,453;16;6,510288391;0,11482953;373,0120482
280,874547;0,116558732;0,453;17;6,522905228;0,121089588;373,7349397
281,4178247;0,123237992;0,453;18;6,535522067;0,127330373;374,4578314
281,9611023;0,12989678;0,453;19;6,548138904;0,133550887;375,1807229
282,50438;0,136535098;0,453;20;6,560755743;0,139750143;375,9036145
283,0476576;0,143152948;0,453;21;6,57337258;0,145927153;376,626506
283,5909353;0,149750333;0,453;22;6,585989419;0,152080935;377,3493976
284,1342129;0,156327252;0,453;23;6,598606255;0,158210507;378,0722891
284,6774906;0,16288371;0,453;24;6,611223094;0,164314895;378,7951807
285,2207682;0,169493809;0,453;25;6,623839931;0,170393127;379,5180722
285,7640459;0,176142445;0,453;26;6,63645677;0,176444236;380,2409638
286,3073236;0,182446205;0,453;27;6,649073609;0,182467258;380,9638555
286,8506012;0,188731411;0,453;28;6,661690446;0,188461234;381,686747
287,3938789;0,194998061;0,453;29;6,674307285;0,19442521;382,4096386
287,9371565;0,201246155;0,453;30;6,686924122;0,200358237;383,1325301
288,4804342;0,207475689;0,453;31;6,699540961;0,206259371;383,8554217
289,0237118;0,213686663;0,453;32;6,712157797;0,212127672;384,5783132
289,5669895;0,219879074;0,453;33;6,724774636;0,217962206;385,3012048
290,1102671;0,22605292;0,453;34;6,737391473;0,223762044;386,0240963
290,6535448;0,232232386;0,453;35;6,750008312;0,229526263;386,746988
291,1968224;0,238471756;0,453;36;6,762625149;0,235253945;387,4698795
291,7401001;0,24469683;0,453;37;6,775241988;0,24094418;388,1927711
292,2833777;0,250907606;0,453;38;6,787858825;0,24659606;388,9156626
292,8266554;0,259151578;0,453;39;6,800475664;0,252208686;389,6385542
293,3699331;0,264819795;0,453;40;6,813092503;0,257781166;390,3614458
293,9132107;0,270504005;0,453;41;6,825709339;0,26331261;391,0843373
294,4564884;0,276137101;0,453;42;6,838326178;0,268802141;391,807229
294,999766;0,281719084;0,453;43;6,850943015;0,274248882;392,5301205
295,5430437;0,287249954;0,453;44;6,863559854;0,279651968;393,2530121
296,0863213;0,292729712;0,453;45;6,876176691;0,285010538;393,9759036
296,629599;0,29815836;0,453;46;6,88879353;0,29032374;394,6987952
297,1728766;0,303535898;0,453;47;6,901410367;0,295590727;395,4216867
297,7161543;0,308573169;0,453;48;6,914027206;0,300810661;396,1445783
298,2594319;0,313211209;0,453;49;6,926644042;0,305982711;396,8674698
298,8027096;0,317805757;0,453;50;6,939260881;0,311106055;397,5903614
299,3459872;0,322356813;0,453;51;6,951877718;0,316179875;398,3132529
299,8892649;0,326864378;0,453;52;6,964494557;0,321203366;399,0361446
300,4325426;0,331328453;0,453;53;6,977111396;0,326175727;399,7590362
300,9758202;0,335749038;0,453;54;6,989728233;0,331096166;400,4819277
301,5190979;0,340126133;0,453;55;7,002345072;0,3359639;401,2048193
302,0623755;0,34445974;0,453;56;7,014961909;0,340778155;401,9277108
302,6056532;0,34874986;0,453;57;7,027578748;0,345538164;402,6506024
303,1489308;0,352996491;0,453;58;7,040195584;0,350243168;403,3734939
303,6922085;0,357199637;0,453;59;7,052812424;0,354892421;404,0963856
304,2354861;0,361359296;0,453;60;7,06542926;0,359485181;404,8192771
304,7787638;0,365475469;0,453;61;7,078046099;0,364020718;405,5421687
305,3220414;0,369548158;0,453;62;7,090662936;0,368498308;406,2650602
305,8653191;0,373621215;0,453;63;7,103279775;0,37291724;406,9879518
306,4085967;0,377703737;0,453;64;7,115896612;0,37727681;407,7108433
306,9518744;0,38081042;0,453;65;7,128513451;0,381576324;408,4337349
307,4951521;0,384021298;0,453;66;7,14113029;0,385815099;409,1566266
308,0384297;0,3872221;0,453;67;7,153747127;0,389992457;409,8795181
308,5817074;0,39041283;0,453;68;7,166363966;0,394107736;410,6024097
309,124985;0,393593494;0,453;69;7,178980802;0,39816028;411,3253012
309,6682627;0,396764098;0,453;70;7,191597641;0,402149444;412,0481928
310,2115403;0,399924646;0,453;71;7,204214478;0,406074592;412,7710843
310,754818;0,403075144;0,453;72;7,216831317;0,409935101;413,4939759
311,2980956;0,405996063;0,453;73;7,229448154;0,413730355;414,2168674
311,8413733;0,408238319;0,453;74;7,242064993;0,417459751;414,939759
312,3846509;0,410438872;0,453;75;7,25468183;0,421122694;415,6626505
312,9279286;0,412597725;0,453;76;7,267298669;0,424718602;416,3855422
313,4712062;0,414714881;0,453;77;7,279915505;0,428246902;417,1084337
314,0144839;0,416790345;0,453;78;7,292532344;0,431707033;417,8313253
314,5577616;0,418824119;0,453;79;7,305149183;0,435098444;418,5542169
315,1010392;0,420816208;0,453;80;7,31776602;0,438420594;419,2771084
315,6443169;0,422766616;0,453;81;7,330382859;0,441672956;420
316,1875945;0,424675346;0,453;82;7,342999696;0,444855011;420,7228915
316,7308722;0,426542402;0,453;83;7,355616535;0,447966253;421,4457832
317,2741498;0,428367787;0,453;84;7,368233372;0,451006186;422,1686747
317,8174275;0,430151505;0,453;85;7,380850211;0,453974328;422,8915663
318,3607051;0,431893561;0,453;86;7,393467047;0,456870204;423,6144578
318,9039828;0,433593957;0,453;87;7,406083886;0,459693355;424,3373494
319,4472604;0,435252698;0,453;88;7,418700723;0,46244333;425,0602409
319,9905381;0,436932478;0,453;89;7,431317562;0,465119693;425,7831325
320,5338157;0,438943209;0,453;90;7,443934399;0,467722017;426,506024
321,0770934;0,440917881;0,453;91;7,456551238;0,470249888;427,2289157
321,6203711;0,44284785;0,453;92;7,469168077;0,472702903;427,9518073
322,1636487;0,444631965;0,453;93;7,481784914;0,475080672;428,6746988
322,7069264;0,446380089;0,453;94;7,494401753;0,477382816;429,3975904
323,250204;0,448092222;0,453;95;7,507018589;0,47960897;430,1204819
323,7934817;0,449768365;0,453;96;7,519635428;0,481758778;430,8433735
324,3367593;0,45140852;0,453;97;7,532252265;0,483831899;431,566265
324,880037;0,453012688;0,453;98;7,544869104;0,485828002;432,2891567
325,4233146;0,454580868;0,453;99;7,557485941;0,487746769;433,0120481
325,9665923;0,455588165;0,453;100;7,57010278;0,489587897;433,7349398
326,5098699;0,456512574;0,453;101;7,582719617;0,49135109;434,4578313
327,0531476;0,457349474;0,453;102;7,595336456;0,493036069;435,1807229
327,5964252;0,458093517;0,453;103;7,607953292;0,494642564;435,9036144
328,1397029;0,458825426;0,453;104;7,620570131;0,496170322;436,626506
328,6829806;0,459545197;0,453;105;7,633186971;0,497619098;437,3493976
329,2262582;0,46025283;0,453;106;7,645803807;0,498988662;438,0722891
329,7695359;0,460780092;0,453;107;7,658420646;0,500278795;438,7951808
330,3128135;0,461268569;0,453;108;7,671037483;0,501489293;439,5180723
330,8560912;0,461739397;0,453;109;7,683654322;0,502619963;440,2409639
331,3993688;0,462192575;0,453;110;7,696271159;0,503670624;440,9638554
331,9426465;0,462628102;0,453;111;7,708887998;0,50464111;441,686747
332,4859241;0,463045976;0,453;112;7,721504835;0,505531265;442,4096385
333,0292018;0,463446198;0,453;113;7,734121674;0,506340949;443,1325301
333,5724794;0,463828765;0,453;114;7,74673851;0,507070032;443,8554216
334,1157571;0,464193677;0,453;115;7,759355349;0,507718399;444,5783133
334,6590347;0,464540933;0,453;116;7,771972186;0,508285946;445,3012048
335,2023124;0,464870531;0,453;117;7,784589025;0,508772582;446,0240964
335,7455901;0,465182471;0,453;118;7,797205864;0,509178231;446,746988
336,2888677;0,46547675;0,453;119;7,809822701;0,509502828;447,4698795
336,8321454;0,46575337;0,453;120;7,82243954;0,509746321;448,1927711
337,375423;0,466012327;0,453;121;7,835056377;0,509908671;448,9156626
337,9187007;0,466253621;0,453;122;7,847673216;0,509989852;449,6385543
338,4619783;0,466477252;0,453;123;7,860290052;0,509989852;450,3614457
339,005256;0,466683217;0,453;124;7,872906891;0,509908671;451,0843374
339,5485336;0,466871517;0,453;125;7,885523728;0,509746321;451,8072289
340,0918113;0,467042149;0,453;126;7,898140567;0,509502828;452,5301205
340,6350889;0,467195113;0,453;127;7,910757404;0,509178231;453,253012
341,1783666;0,467330407;0,453;128;7,923374243;0,508772582;453,9759036
341,7216442;0,467448032;0,453;129;7,93599108;0,508285946;454,6987951
342,2649219;0,467482644;0,453;130;7,948607919;0,507718399;455,4216867
342,8081995;0,467272245;0,453;131;7,961224755;0,507070033;456,1445782
343,3514772;0,466963704;0,453;132;7,973841594;0,506340949;456,8674699
343,8947549;0,466627577;0,453;133;7,986458433;0,505531265;457,5903615
344,4380325;0,466259407;0,453;134;7,99907527;0,50464111;458,313253
344,9813102;0,465867001;0,453;135;8,011692109;0,503670624;459,0361446
345,5245878;0,465453557;0,453;136;8,024308946;0,502619963;459,7590361
346,0678655;0,465019071;0,453;137;8,036925785;0,501489293;460,4819277
346,6111431;0,464563542;0,453;138;8,049542622;0,500278795;461,2048192
347,1544208;0,464086966;0,453;139;8,062159461;0,498988662;461,9277109
347,6976984;0,463517937;0,453;140;8,074776297;0,497619098;462,6506024
348,2409761;0,46277139;0,453;141;8,087393136;0,496170322;463,373494
348,7842537;0,46199685;0,453;142;8,100009973;0,494642565;464,0963855
349,3275314;0,461194318;0,453;143;8,112626812;0,493036069;464,8192771
349,870809;0,460363796;0,453;144;8,125243649;0,49135109;465,5421686
350,4140867;0,459505284;0,453;145;8,137860488;0,489587897;466,2650602
350,9573644;0,458618785;0,453;146;8,150477327;0,487746769;466,9879519
351,500642;0,4577043;0,453;147;8,163094164;0,485828002;467,7108433
352,0439197;0,45676183;0,453;148;8,175711003;0,483831899;468,433735
352,5871973;0,455791376;0,453;149;8,188327839;0,481758778;469,1566265
353,130475;0,454792941;0,453;150;8,200944679;0,47960897;469,8795181
353,6737526;0,453766525;0,453;151;8,213561515;0,477382816;470,6024096
354,2170303;0,452603432;0,453;152;8,226178354;0,475080672;471,3253012
354,7603079;0,451385085;0,453;153;8,238795191;0,472702903;472,0481927
355,3035856;0,450141198;0,453;154;8,25141203;0,470249888;472,7710843
355,8468632;0,448871771;0,453;155;8,264028867;0,467722017;473,4939758
356,3901409;0,447576801;0,453;156;8,276645706;0,465119693;474,2168675
356,9334185;0,446256287;0,453;157;8,289262542;0,462443331;474,939759
357,4766962;0,444910227;0,453;158;8,301879382;0,459693355;475,6626506
358,0199739;0,44353862;0,453;159;8,314496221;0,456870204;476,3855422
358,5632515;0,442141463;0,453;160;8,327113057;0,453974328;477,1084337
359,1065292;0,440694161;0,453;161;8,339729896;0,451006186;477,8313253
359,6498068;0,439126152;0,453;162;8,352346733;0,447966253;478,5542168
360,1930845;0,437512274;0,453;163;8,364963572;0,444855011;479,2771085
360,7363621;0,435852525;0,453;164;8,377580409;0,441672956;480
361,2796398;0,434146907;0,453;165;8,390197248;0,438420594;480,7228916
361,8229174;0,431831437;0,453;166;8,402814085;0,435098444;481,4457831
362,3661951;0,429980822;0,453;167;8,415430924;0,431707033;482,1686747
362,9094727;0,428522986;0,453;168;8,42804776;0,428246903;482,8915662
363,4527504;0,426571271;0,453;169;8,440664599;0,424718602;483,6144578
363,996028;0,424283973;0,453;170;8,453281436;0,421122695;484,3373493
364,5393057;0,421942002;0,453;171;8,465898275;0,417459751;485,060241
365,0825834;0,419545358;0,453;172;8,478515114;0,413730355;485,7831326
365,625861;0,417094041;0,453;173;8,491131951;0,409935101;486,5060241
366,1691387;0,414588049;0,453;174;8,50374879;0,406074592;487,2289157
366,7124163;0,412027385;0,453;175;8,516365627;0,402149444;487,9518072
367,255694;0,409412046;0,453;176;8,528982466;0,39816028;488,6746988
367,7989716;0,406676311;0,453;177;8,541599302;0,394107736;489,3975903
368,3422493;0,403645917;0,453;178;8,554216141;0,389992457;490,1204819
368,8855269;0,400568339;0,453;179;8,566832978;0,385815099;490,8433734
369,4288046;0,397443579;0,453;180;8,579449817;0,381576324;491,5662651
369,9720822;0,394271638;0,453;181;8,592066654;0,37727681;492,2891566
370,5153599;0,39105252;0,453;182;8,604683493;0,37291724;493,0120482
371,0586375;0,387724875;0,453;183;8,61730033;0,368498308;493,7349397
371,6019152;0,384324989;0,453;184;8,629917169;0,364020718;494,4578313
372,1451929;0,380882824;0,453;185;8,642534008;0,359485181;495,1807229
372,6884705;0,377398374;0,453;186;8,655150844;0,354892421;495,9036144
373,2317482;0,373871637;0,453;187;8,667767683;0,350243168;496,6265061
373,7750258;0,370302608;0,453;188;8,68038452;0,345538164;497,3493976
374,3183035;0,366000547;0,453;189;8,693001359;0,340778155;498,0722892
374,8615811;0,36154614;0,453;190;8,705618196;0,3359639;498,7951807
375,4048588;0,357048638;0,453;191;8,718235035;0,331096166;499,5180723
375,9481364;0,352508037;0,453;192;8,730851872;0,326175727;500,2409638
376,4914141;0,347924331;0,453;193;8,743468711;0,321203366;500,9638554
377,0346917;0,343297517;0,453;194;8,756085547;0,316179876;501,6867469
377,5779694;0,338627588;0,453;195;8,768702386;0,311106055;502,4096386
378,121247;0,333914542;0,453;196;8,781319223;0,305982712;503,13253
378,6645247;0,329158372;0,453;197;8,793936062;0,300810661;503,8554217
379,2078024;0,324359074;0,453;198;8,806552901;0,295590727;504,5783133
379,75108;0,319516644;0,453;199;8,819169738;0,29032374;505,3012048
380,2943577;0,314631077;0,453;200;8,831786577;0,285010538;506,0240964
380,8376353;0,309651632;0,453;201;8,844403414;0,279651968;506,7469879
381,380913;0,304587779;0,453;202;8,857020253;0,274248882;507,4698795
381,9241906;0,299494501;0,453;203;8,86963709;0,268802141;508,192771
382,4674683;0,294371791;0,453;204;8,882253929;0,26331261;508,9156627
383,0107459;0,289219639;0,453;205;8,894870765;0,257781166;509,6385542
383,5540236;0,284038038;0,453;206;8,907487604;0,252208686;510,3614458
384,0973012;0,278826978;0,453;207;8,920104441;0,246596061;511,0843373
384,6405789;0,273586451;0,453;208;8,93272128;0,24094418;511,8072289
385,1838565;0,268264493;0,453;209;8,945338117;0,235253946;512,5301204
385,7271342;0,26268152;0,453;210;8,957954956;0,229526263;513,253012
386,2704119;0,257037132;0,453;211;8,970571795;0,223762044;513,9759037
386,8136895;0,251340167;0,453;212;8,983188632;0,217962206;514,6987952
387,3569672;0,245559477;0,453;213;8,995805471;0,212127672;515,4216868
387,9002448;0,239386812;0,453;214;9,008422307;0,206259371;516,1445783
388,4435225;0,233180134;0,453;215;9,021039146;0,200358237;516,8674699
388,9868001;0,226964615;0,453;216;9,033655983;0,19442521;517,5903614
389,5300778;0,220649105;0,453;217;9,046272822;0,188461234;518,313253
390,0733554;0,214228142;0,453;218;9,058889659;0,182467258;519,0361445
390,6166331;0,2078275;0,453;219;9,071506498;0,176444236;519,7590362
391,1599107;0,201408535;0,453;220;9,084123335;0,170393128;520,4819276
391,7031884;0,194971249;0,453;221;9,096740174;0,164314895;521,2048193
392,246466;0,188515641;0,453;222;9,10935701;0,158210508;521,9277108
392,7897437;0,182041713;0,453;223;9,121973849;0,152080935;522,6506024
393,3330214;0,175549463;0,453;224;9,134590688;0,145927153;523,373494
393,876299;0,169038893;0,453;225;9,147207525;0,139750143;524,0963855
394,4195767;0,162510002;0,453;226;9,159824364;0,133550887;524,8192771
394,9628543;0,155962791;0,453;227;9,172441201;0,127330373;525,5421686
395,506132;0,14939726;0,453;228;9,18505804;0,121089588;526,2650603
396,0494096;0,14281341;0,453;229;9,197674877;0,11482953;526,9879518
396,5926873;0,13619143;0,453;230;9,210291716;0,108551192;527,7108434
397,1359649;0,129526764;0,453;231;9,222908552;0,102255575;528,4337349
397,6792426;0,122846289;0,453;232;9,235525391;0,09594368;529,1566265
398,2225202;0,116150007;0,453;233;9,248142228;0,089616513;529,879518
398,7657979;0,10943792;0,453;234;9,260759067;0,08327508;530,6024096
399,3090755;0,102710029;0,453;235;9,273375904;0,076920392;531,3253011
399,8523532;0,095969081;0,453;236;9,285992743;0,070553459;532,0481928
400,3956309;0,089210849;0,453;237;9,298609582;0,064175294;532,7710844
400,9389085;0,082434849;0,453;238;9,311226419;0,057786916;533,4939759
401,4821862;0,075641081;0,453;239;9,323843258;0,051389337;534,2168675
402,0254638;0,068829546;0,453;240;9,336460094;0,04498358;534,939759
402,5687415;0,062000244;0,453;241;9,349076934;0,03857066;535,6626506
403,1120191;0,055153175;0,453;242;9,36169377;0,032151602;536,3855421
403,6552968;0,04828834;0,453;243;9,374310609;0,025727425;537,1084338
404,1985744;0,041405739;0,453;244;9,386927446;0,019299154;537,8313252
404,7418521;0,034505372;0,453;245;9,399544285;0,012867809;538,5542169
405,2851297;0,027587241;0,453;246;9,412161122;0,006434417;539,2771084
405,8284074;0,020611539;0,453;247;9,424777961;1,87448E-16;540
406,371685;0,013584899;0,453;248;9,437394797;-0,006434416;540,7228915
406,9149627;0,006663937;0,453;249;9,450011637;-0,012867809;541,4457831
407,4582404;-0,000258114;-0,453;1;9,462628476;-0,019299154;542,1686748
408,001518;-0,007153878;-0,453;2;9,475245312;-0,025727425;542,8915662
408,5447957;-0,014015479;-0,453;3;9,487862151;-0,032151602;543,6144579
409,0880733;-0,020879602;-0,453;4;9,500478988;-0,03857066;544,3373494
409,631351;-0,027746249;-0,453;5;9,513095827;-0,04498358;545,060241
410,1746286;-0,034615421;-0,453;6;9,525712664;-0,051389337;545,7831325
410,7179063;-0,041503009;-0,453;7;9,538329503;-0,057786916;546,5060241
411,2611839;-0,048398401;-0,453;8;9,55094634;-0,064175294;547,2289156
411,8044616;-0,055296303;-0,453;9;9,563563179;-0,070553459;547,9518072
412,3477392;-0,062196716;-0,453;10;9,576180015;-0,076920391;548,6746987
412,8910169;-0,06909964;-0,453;11;9,588796854;-0,08327508;549,3975904
413,4342945;-0,076005077;-0,453;12;9,601413691;-0,089616512;550,1204819
413,9775722;-0,082913026;-0,453;13;9,61403053;-0,09594368;550,8433735
414,5208499;-0,08982349;-0,453;14;9,626647369;-0,102255575;551,5662651
415,0641275;-0,09673647;-0,453;15;9,639264206;-0,108551192;552,2891566
415,6074052;-0,103651965;-0,453;16;9,651881045;-0,11482953;553,0120482
416,1506828;-0,110569978;-0,453;17;9,664497882;-0,121089588;553,7349397
416,6939605;-0,11746764;-0,453;18;9,677114721;-0,127330373;554,4578314
417,2372381;-0,124127299;-0,453;19;9,689731557;-0,133550887;555,1807229
417,7805158;-0,130819017;-0,453;20;9,702348396;-0,139750143;555,9036145
418,3237934;-0,137542796;-0,453;21;9,714965233;-0,145927153;556,626506
418,8670711;-0,144298635;-0,453;22;9,727582072;-0,152080935;557,3493976
419,4103487;-0,151086534;-0,453;23;9,740198909;-0,158210507;558,0722891
419,9536264;-0,157835508;-0,453;24;9,752815748;-0,164314895;558,7951807
420,496904;-0,164272671;-0,453;25;9,765432585;-0,170393127;559,5180722
421,0401817;-0,170671173;-0,453;26;9,778049424;-0,176444236;560,2409638
421,5834594;-0,177032617;-0,453;27;9,790666263;-0,182467258;560,9638555
422,126737;-0,183356007;-0,453;28;9,803283099;-0,188461234;561,686747
422,6700147;-0,189641345;-0,453;29;9,815899938;-0,19442521;562,4096386
423,2132923;-0,195888634;-0,453;30;9,828516775;-0,200358237;563,1325301
423,75657;-0,202097876;-0,453;31;9,841133614;-0,206259371;563,8554217
424,2998476;-0,208269072;-0,453;32;9,853750451;-0,212127672;564,5783132
424,8431253;-0,214402226;-0,453;33;9,86636729;-0,217962206;565,3012048
425,3864029;-0,220497339;-0,453;34;9,878984127;-0,223762044;566,0240963
425,9296806;-0,226554415;-0,453;35;9,891600966;-0,229526263;566,746988
426,4729582;-0,232573454;-0,453;36;9,904217802;-0,235253945;567,4698795
427,0162359;-0,23855446;-0,453;37;9,916834641;-0,24094418;568,1927711
427,5595135;-0,244497435;-0,453;38;9,929451478;-0,24659606;568,9156626
428,1027912;-0,250402381;-0,453;39;9,942068317;-0,252208686;569,6385542
428,6460689;-0,2562693;-0,453;40;9,954685156;-0,257781166;570,3614458
429,1893465;-0,262098195;-0,453;41;9,967301993;-0,26331261;571,0843373
429,7326242;-0,267889068;-0,453;42;9,979918832;-0,268802141;571,807229
430,2759018;-0,273641922;-0,453;43;9,992535669;-0,274248882;572,5301205
430,8191795;-0,279356758;-0,453;44;10,00515251;-0,279651968;573,2530121
431,3624571;-0,285033579;-0,453;45;10,01776934;-0,285010538;573,9759036
431,9057348;-0,291492469;-0,453;46;10,03038618;-0,29032374;574,6987952
432,4490124;-0,296495202;-0,453;47;10,04300302;-0,295590727;575,4216867
432,9922901;-0,301452031;-0,453;48;10,05561986;-0,300810661;576,1445783
433,5355677;-0,306362957;-0,453;49;10,0682367;-0,305982711;576,8674698
434,0788454;-0,311227978;-0,453;50;10,08085354;-0,311106055;577,5903614
434,622123;-0,316047096;-0,453;51;10,09347037;-0,316179875;578,3132529
435,1654007;-0,32082031;-0,453;52;10,10608721;-0,321203366;579,0361446
435,7086783;-0,325547621;-0,453;53;10,11870405;-0,326175726;579,7590361
436,251956;-0,330229028;-0,453;54;10,13132089;-0,331096166;580,4819277
436,7952337;-0,334864532;-0,453;55;10,14393773;-0,3359639;581,2048193
437,3385113;-0,339454133;-0,453;56;10,15655456;-0,340778155;581,9277108
437,881789;-0,343997831;-0,453;57;10,1691714;-0,345538164;582,6506024
438,4250666;-0,348495625;-0,453;58;10,18178824;-0,350243168;583,3734939
438,9683443;-0,352947517;-0,453;59;10,19440508;-0,354892421;584,0963856
439,5116219;-0,357353506;-0,453;60;10,20702191;-0,359485181;584,8192771
440,0548996;-0,361713593;-0,453;61;10,21963875;-0,364020718;585,5421687
440,5981772;-0,366027777;-0,453;62;10,23225559;-0,368498308;586,2650602
441,1414549;-0,370296059;-0,453;63;10,24487243;-0,37291724;586,9879518
441,6847325;-0,374463424;-0,453;64;10,25748927;-0,37727681;587,7108433
442,2280102;-0,378099268;-0,453;65;10,2701061;-0,381576324;588,4337349
442,7712878;-0,38164964;-0,453;66;10,28272294;-0,385815098;589,1566264
443,3145655;-0,384617563;-0,453;67;10,29533978;-0,389992457;589,8795181
443,8578432;-0,387545264;-0,453;68;10,30795662;-0,394107736;590,6024097
444,4011208;-0,390432744;-0,453;69;10,32057346;-0,39816028;591,3253012
444,9443985;-0,393280002;-0,453;70;10,33319029;-0,402149444;592,0481928
445,4876761;-0,396087035;-0,453;71;10,34580713;-0,406074592;592,7710843
446,0309538;-0,398853844;-0,453;72;10,35842397;-0,409935101;593,4939759
446,5742314;-0,401580427;-0,453;73;10,37104081;-0,413730355;594,2168674
447,1175091;-0,404266784;-0,453;74;10,38365765;-0,417459751;594,939759
447,6607867;-0,406904979;-0,453;75;10,39627448;-0,421122694;595,6626505
448,2040644;-0,409463277;-0,453;76;10,40889132;-0,424718602;596,3855422
448,747342;-0,411956183;-0,453;77;10,42150816;-0,428246902;597,1084337
449,2906197;-0,414383702;-0,453;78;10,434125;-0,431707033;597,8313253
449,8338973;-0,416745834;-0,453;79;10,44674183;-0,435098443;598,5542168
450,377175;-0,419042585;-0,453;80;10,45935867;-0,438420594;599,2771084
450,9204527;-0,421273956;-0,453;81;10,47197551;-0,441672956;600
451,4637303;-0,423439952;-0,453;82;10,48459235;-0,444855011;600,7228915
452,007008;-0,425540574;-0,453;83;10,49720919;-0,447966253;601,4457832
452,5502856;-0,427575827;-0,453;84;10,50982603;-0,451006186;602,1686747
453,0935633;-0,429545712;-0,453;85;10,52244286;-0,453974328;602,8915663
453,6368409;-0,431212563;-0,453;86;10,5350597;-0,456870204;603,6144578
454,1801186;-0,432773258;-0,453;87;10,54767654;-0,459693355;604,3373494
454,7233962;-0,434307144;-0,453;88;10,56029338;-0,46244333;605,0602409
455,2666739;-0,435810085;-0,453;89;10,57291022;-0,465119693;605,7831325
455,8099515;-0,437282079;-0,453;90;10,58552705;-0,467722017;606,506024
456,3532292;-0,438723125;-0,453;91;10,59814389;-0,470249888;607,2289157
456,8965068;-0,440133221;-0,453;92;10,61076073;-0,472702902;607,9518072
457,4397845;-0,441512367;-0,453;93;10,62337757;-0,475080672;608,6746988
457,9830622;-0,442860561;-0,453;94;10,63599441;-0,477382816;609,3975904
458,5263398;-0,444177801;-0,453;95;10,64861124;-0,47960897;610,1204819
459,0696175;-0,445464086;-0,453;96;10,66122808;-0,481758778;610,8433735
459,6128951;-0,446719415;-0,453;97;10,67384492;-0,483831899;611,566265
460,1561728;-0,447943787;-0,453;98;10,68646176;-0,485828002;612,2891567
460,6994504;-0,4491372;-0,453;99;10,69907859;-0,487746769;613,0120481
461,2427281;-0,450299653;-0,453;100;10,71169543;-0,489587897;613,7349398
461,7860057;-0,451431144;-0,453;101;10,72431227;-0,49135109;614,4578313
462,3292834;-0,452531673;-0,453;102;10,73692911;-0,493036069;615,1807229
462,872561;-0,453601237;-0,453;103;10,74954595;-0,494642564;615,9036144
463,4158387;-0,454639836;-0,453;104;10,76216279;-0,496170322;616,626506
463,9591163;-0,455647468;-0,453;105;10,77477962;-0,497619098;617,3493975
464,502394;-0,456624132;-0,453;106;10,78739646;-0,498988662;618,0722891
465,0456717;-0,457569826;-0,453;107;10,8000133;-0,500278795;618,7951808
465,5889493;-0,45848455;-0,453;108;10,81263014;-0,501489293;619,5180723
466,132227;-0,459368301;-0,453;109;10,82524698;-0,502619963;620,2409639
466,6755046;-0,460221079;-0,453;110;10,83786381;-0,503670624;620,9638554
467,2187823;-0,461042883;-0,453;111;10,85048065;-0,50464111;621,686747
467,7620599;-0,46183371;-0,453;112;10,86309749;-0,505531265;622,4096385
468,3053376;-0,46259356;-0,453;113;10,87571433;-0,506340949;623,1325301
468,8486152;-0,463322431;-0,453;114;10,88833116;-0,507070032;623,8554216
469,3918929;-0,464020323;-0,453;115;10,900948;-0,507718399;624,5783133
469,9351705;-0,464652894;-0,453;116;10,91356484;-0,508285946;625,3012048
470,4784482;-0,465150674;-0,453;117;10,92618168;-0,508772582;626,0240964
471,0217258;-0,465622803;-0,453;118;10,93879852;-0,509178231;626,7469879
471,5650035;-0,466108051;-0,453;119;10,95141535;-0,509502828;627,4698795
472,1082812;-0,466568073;-0,453;120;10,96403219;-0,509746321;628,1927711
472,6515588;-0,467002225;-0,453;121;10,97664903;-0,509908671;628,9156626
473,1948365;-0,467399512;-0,453;122;10,98926587;-0,509989852;629,6385543
473,7381141;-0,467759936;-0,453;123;11,00188271;-0,509989852;630,3614457
474,2813918;-0,465893125;-0,453;124;11,01449954;-0,509908671;631,0843374
474,8246694;-0,465771417;-0,453;125;11,02711638;-0,509746321;631,8072289
475,3679471;-0,465622068;-0,453;126;11,03973322;-0,509502828;632,5301205
475,9112247;-0,465488053;-0,453;127;11,05235006;-0,509178231;633,253012
476,4545024;-0,465454662;-0,453;128;11,0649669;-0,508772582;633,9759036
476,99778;-0,465409419;-0,453;129;11,07758373;-0,508285946;634,6987951
477,5410577;-0,465343238;-0,453;130;11,09020057;-0,507718399;635,4216867
478,0843353;-0,46525612;-0,453;131;11,10281741;-0,507070033;636,1445782
478,627613;-0,465148065;-0,453;132;11,11543425;-0,506340949;636,8674699
479,1708907;-0,465019075;-0,453;133;11,12805109;-0,505531265;637,5903615
479,7141683;-0,46486915;-0,453;134;11,14066792;-0,50464111;638,313253
480,257446;-0,464698293;-0,453;135;11,15328476;-0,503670624;639,0361446
480,8007236;-0,464506503;-0,453;136;11,1659016;-0,502619963;639,7590361
481,3440013;-0,464293782;-0,453;137;11,17851844;-0,501489293;640,4819277
481,8872789;-0,464060132;-0,453;138;11,19113528;-0,500278795;641,2048192
482,4305566;-0,463805552;-0,453;139;11,20375211;-0,498988662;641,9277109
482,9738342;-0,463530045;-0,453;140;11,21636895;-0,497619098;642,6506024
483,5171119;-0,463233611;-0,453;141;11,22898579;-0,496170322;643,373494
484,0603895;-0,462916252;-0,453;142;11,24160263;-0,494642565;644,0963855
484,6036672;-0,462385928;-0,453;143;11,25421947;-0,493036069;644,8192771
485,1469448;-0,461512125;-0,453;144;11,2668363;-0,49135109;645,5421686
485,6902225;-0,460607508;-0,453;145;11,27945314;-0,489587897;646,2650602
486,2335002;-0,459672079;-0,453;146;11,29206998;-0,487746769;646,9879519
486,7767778;-0,458705843;-0,453;147;11,30468682;-0,485828002;647,7108433
487,3200555;-0,457708803;-0,453;148;11,31730366;-0,483831899;648,433735
487,8633331;-0,456680961;-0,453;149;11,32992049;-0,481758778;649,1566265
488,4066108;-0,455622321;-0,453;150;11,34253733;-0,47960897;649,8795181
488,9498884;-0,454532887;-0,453;151;11,35515417;-0,477382816;650,6024096
489,4931661;-0,453412662;-0,453;152;11,36777101;-0,475080672;651,3253012
490,0364437;-0,452261648;-0,453;153;11,38038784;-0,472702903;652,0481927
490,5797214;-0,451079849;-0,453;154;11,39300468;-0,470249888;652,7710843
491,122999;-0,449867269;-0,453;155;11,40562152;-0,467722017;653,4939758
491,6662767;-0,448623911;-0,453;156;11,41823836;-0,465119693;654,2168675
492,2095543;-0,447335104;-0,453;157;11,4308552;-0,462443331;654,939759
492,752832;-0,445968077;-0,453;158;11,44347204;-0,459693355;655,6626506
493,2961097;-0,444564896;-0,453;159;11,45608887;-0,456870204;656,3855422
493,8393873;-0,443218198;-0,453;160;11,46870571;-0,453974328;657,1084337
494,382665;-0,441747298;-0,453;161;11,48132255;-0,451006186;657,8313253
494,9259426;-0,44025299;-0,453;162;11,49393939;-0,447966253;658,5542168
495,4692203;-0,438735274;-0,453;163;11,50655623;-0,444855011;659,2771085
496,0124979;-0,436803763;-0,453;164;11,51917306;-0,441672956;660
496,5557756;-0,434741416;-0,453;165;11,5317899;-0,438420594;660,7228916
497,0990532;-0,432665312;-0,453;166;11,54440674;-0,435098444;661,4457831
497,6423309;-0,430555009;-0,453;167;11,55702358;-0,431707033;662,1686747
498,1856085;-0,428266141;-0,453;168;11,56964041;-0,428246903;662,8915662
498,7288862;-0,425933521;-0,453;169;11,58225725;-0,424718602;663,6144578
499,2721638;-0,423557151;-0,453;170;11,59487409;-0,421122695;664,3373493
499,8154415;-0,421137035;-0,453;171;11,60749093;-0,417459751;665,060241
500,3587192;-0,418673177;-0,453;172;11,62010777;-0,413730355;665,7831326
500,9019968;-0,41616558;-0,453;173;11,6327246;-0,409935101;666,5060241
501,4452745;-0,413614247;-0,453;174;11,64534144;-0,406074592;667,2289157
501,9885521;-0,411019182;-0,453;175;11,65795828;-0,402149444;667,9518072
502,5318298;-0,408380388;-0,453;176;11,67057512;-0,39816028;668,6746988
503,0751074;-0,405697869;-0,453;177;11,68319196;-0,394107736;669,3975903
503,6183851;-0,402971628;-0,453;178;11,69580879;-0,389992457;670,1204819
504,1616627;-0,400201669;-0,453;179;11,70842563;-0,385815099;670,8433734
504,7049404;-0,397387995;-0,453;180;11,72104247;-0,381576324;671,5662651
505,248218;-0,39453061;-0,453;181;11,73365931;-0,37727681;672,2891566
505,7914957;-0,391629517;-0,453;182;11,74627615;-0,37291724;673,0120482
506,3347733;-0,388684719;-0,453;183;11,75889298;-0,368498308;673,7349397
506,878051;-0,385696221;-0,453;184;11,77150982;-0,364020718;674,4578313
507,4213287;-0,382664025;-0,453;185;11,78412666;-0,359485181;675,1807229
507,9646063;-0,379588134;-0,453;186;11,7967435;-0,354892421;675,9036144
508,507884;-0,376468554;-0,453;187;11,80936034;-0,350243168;676,6265061
509,0511616;-0,373305286;-0,453;188;11,82197717;-0,345538164;677,3493976
509,5944393;-0,369983951;-0,453;189;11,83459401;-0,340778155;678,0722892
510,1377169;-0,366442635;-0,453;190;11,84721085;-0,3359639;678,7951807
510,6809946;-0,362932567;-0,453;191;11,85982769;-0,331096166;679,5180723
511,2242722;-0,359453742;-0,453;192;11,87244453;-0,326175727;680,2409638
511,7675499;-0,356006152;-0,453;193;11,88506136;-0,321203366;680,9638554
512,3108275;-0,351946861;-0,453;194;11,8976782;-0,316179876;681,6867469
512,8541052;-0,347307961;-0,453;195;11,91029504;-0,311106055;682,4096386
513,3973828;-0,342617197;-0,453;196;11,92291188;-0,305982712;683,13253
513,9406605;-0,337874564;-0,453;197;11,93552872;-0,300810661;683,8554217
514,4839382;-0,333080055;-0,453;198;11,94814555;-0,295590727;684,5783133
515,0272158;-0,328233665;-0,453;199;11,96076239;-0,29032374;685,3012048
515,5704935;-0,323335388;-0,453;200;11,97337923;-0,285010538;686,0240964
516,1137711;-0,318385218;-0,453;201;11,98599607;-0,279651968;686,7469879
516,6570488;-0,31338315;-0,453;202;11,99861291;-0,274248882;687,4698795
517,2003264;-0,308329178;-0,453;203;12,01122974;-0,268802141;688,192771
517,7436041;-0,303223295;-0,453;204;12,02384658;-0,26331261;688,9156627
518,2868817;-0,298266189;-0,453;205;12,03646342;-0,257781166;689,6385542
518,8301594;-0,293361894;-0,453;206;12,04908026;-0,252208686;690,3614458
519,373437;-0,288442091;-0,453;207;12,06169709;-0,246596061;691,0843373
519,9167147;-0,283034471;-0,453;208;12,07431393;-0,24094418;691,8072289
520,4599923;-0,27688722;-0,453;209;12,08693077;-0,235253946;692,5301204
521,00327;-0,270724185;-0,453;210;12,09954761;-0,229526263;693,253012
521,5465477;-0,264545369;-0,453;211;12,11216445;-0,223762044;693,9759037
522,0898253;-0,258350775;-0,453;212;12,12478129;-0,217962206;694,6987952
522,633103;-0,252140406;-0,453;213;12,13739812;-0,212127672;695,4216868
523,1763806;-0,245928727;-0,453;214;12,15001496;-0,206259371;696,1445783
523,7196583;-0,239836648;-0,453;215;12,1626318;-0,200358237;696,8674699
524,2629359;-0,233726849;-0,453;216;12,17524864;-0,19442521;697,5903614
524,8062136;-0,227599331;-0,453;217;12,18786548;-0,188461234;698,313253
525,3494912;-0,2214541;-0,453;218;12,20048231;-0,182467258;699,0361445
525,8927689;-0,215291158;-0,453;219;12,21309915;-0,176444236;699,7590362
526,4360465;-0,209110509;-0,453;220;12,22571599;-0,170393128;700,4819276
526,9793242;-0,202912158;-0,453;221;12,23833283;-0,164314895;701,2048193
527,5226018;-0,196696106;-0,453;222;12,25094966;-0,158210508;701,9277108
528,0658795;-0,190462359;-0,453;223;12,2635665;-0,152080935;702,6506024
528,6091572;-0,184210919;-0,453;224;12,27618334;-0,145927153;703,373494
529,1524348;-0,177841009;-0,453;225;12,28880018;-0,139750143;704,0963855
529,6957125;-0,171104764;-0,453;226;12,30141702;-0,133550887;704,8192771
530,2389901;-0,164360616;-0,453;227;12,31403385;-0,127330373;705,5421686
530,7822678;-0,157608566;-0,453;228;12,32665069;-0,121089588;706,2650603
531,3255454;-0,150848614;-0,453;229;12,33926753;-0,11482953;706,9879518
531,8688231;-0,14408076;-0,453;230;12,35188437;-0,108551192;707,7108434
532,4121007;-0,137305004;-0,453;231;12,36450121;-0,102255575;708,4337349
532,9553784;-0,130510877;-0,453;232;12,37711805;-0,09594368;709,1566265
533,498656;-0,12368068;-0,453;233;12,38973488;-0,089616513;709,879518
534,0419337;-0,116847531;-0,453;234;12,40235172;-0,08327508;710,6024096
534,5852113;-0,11001143;-0,453;235;12,41496856;-0,076920392;711,3253011
535,128489;-0,103172376;-0,453;236;12,4275854;-0,070553459;712,0481928
535,6717666;-0,096330371;-0,453;237;12,44020223;-0,064175296;712,7710843
536,2150443;-0,089485414;-0,453;238;12,45281907;-0,057786916;713,4939759
536,758322;-0,082637504;-0,453;239;12,46543591;-0,051389337;714,2168675
537,3015996;-0,075786643;-0,453;240;12,47805275;-0,04498358;714,939759
537,8448773;-0,06893283;-0,453;241;12,49066959;-0,03857066;715,6626506
538,3881549;-0,062076065;-0,453;242;12,50328642;-0,032151602;716,3855421
538,9314326;-0,055216348;-0,453;243;12,51590326;-0,025727425;717,1084338
539,4747102;-0,048353679;-0,453;244;12,5285201;-0,019299154;717,8313252
540,0179879;-0,041488059;-0,453;245;12,54113694;-0,012867809;718,5542169
540,5612655;-0,034620704;-0,453;246;12,55375378;-0,006434417;719,2771084
541,1045432;-0,027753224;-0,453;247;12,56637061;-2,4993E-16;720
541,6478208;-0,020880701;-0,453;248;12,57898745;0,006434416;720,7228915
542,1910985;-0,014003134;-0,453;249;12,59160429;0,012867809;721,4457831
542,7343761;-0,007098653;-0,453;250;12,60422113;0,019299152;722,1686746
543,2776538;-0,000231002;-0,453;251;12,61683797;0,025727425;722,8915662
