Distance [mm];By [];Bag;#;SIRA;;;
0;0,000189604;0,459;1;1;0;0;0
0,548457384;0,007172642;0,459;2;2;0,006283185;0,36;0,003242102
1,096914768;0,014056988;0,459;3;3;0,012566371;0,72;0,006484077
1,645372151;0,021082371;0,459;4;4;0,018849556;1,08;0,009725795
2,193829535;0,028158598;0,459;5;5;0,025132741;1,44;0,012967129
2,742286919;0,035112678;0,459;6;6;0,031415927;1,8;0,016207952
3,290744303;0,042037788;0,459;7;7;0,037699112;2,16;0,019448134
3,839201686;0,048959603;0,459;8;8;0,043982297;2,52;0,022687549
4,38765907;0,05587812;0,459;9;9;0,050265482;2,88;0,025926068
4,936116454;0,062793337;0,459;10;10;0,056548668;3,24;0,029163564
5,484573838;0,069705254;0,459;11;11;0,062831853;3,6;0,032399908
6,033031222;0,076613867;0,459;12;12;0,069115038;3,96;0,035634973
6,581488605;0,083519176;0,459;13;13;0,075398224;4,32;0,038868632
7,129945989;0,090421177;0,459;14;14;0,081681409;4,68;0,042100756
7,678403373;0,097319871;0,459;15;15;0,087964594;5,04;0,045331217
8,226860757;0,104215254;0,459;16;16;0,09424778;5,4;0,04855989
8,77531814;0,111107326;0,459;17;17;0,100530965;5,76;0,051786645
9,323775524;0,117996084;0,459;18;18;0,10681415;6,12;0,055011356
9,872232908;0,124881526;0,459;19;19;0,113097336;6,48;0,058233895
10,42069029;0,131763651;0,459;20;20;0,119380521;6,84;0,061454135
10,96914768;0,138642457;0,459;21;21;0,125663706;7,2;0,064671949
11,51760506;0,145517942;0,459;22;22;0,131946891;7,56;0,067887209
12,06606244;0,152390105;0,459;23;23;0,138230077;7,92;0,07109979
12,61451983;0,159258943;0,459;24;24;0,144513262;8,28;0,074309564
13,16297721;0,166124455;0,459;25;25;0,150796447;8,64;0,077516404
13,71143459;0,172986639;0,459;26;26;0,157079633;9;0,080720184
14,25989198;0,179845493;0,459;27;27;0,163362818;9,36;0,083920777
14,80834936;0,186701016;0,459;28;28;0,169646003;9,72;0,087118057
15,35680675;0,193553205;0,459;29;29;0,175929189;10,08;0,090311898
15,90526413;0,20040206;0,459;30;30;0,182212374;10,44;0,093502174
16,45372151;0,207247577;0,459;31;31;0,188495559;10,8;0,096688758
17,0021789;0,213595419;0,459;32;32;0,194778745;11,16;0,099871526
17,55063628;0,219756591;0,459;33;33;0,20106193;11,52;0,10305035
18,09909366;0,225881252;0,459;34;34;0,207345115;11,88;0,106225106
18,64755105;0,231969401;0,459;35;35;0,2136283;12,24;0,109395669
19,19600843;0,238051393;0,459;36;36;0,219911486;12,6;0,112561913
19,74446582;0,244114402;0,459;37;37;0,226194671;12,96;0,115723713
20,2929232;0,25013447;0,459;38;38;0,232477856;13,32;0,118880944
20,84138058;0,256111594;0,459;39;39;0,238761042;13,68;0,122033482
21,38983797;0,26204577;0,459;40;40;0,245044227;14,04;0,125181203
21,93829535;0,267936993;0,459;41;41;0,251327412;14,4;0,128323982
22,48675273;0,273785259;0,459;42;42;0,257610598;14,76;0,131461694
23,03521012;0,279590564;0,459;43;43;0,263893783;15,12;0,134594217
23,5836675;0,285352905;0,459;44;44;0,270176968;15,48;0,137721426
24,13212489;0,291072276;0,459;45;45;0,276460154;15,84;0,140843199
24,68058227;0,296668295;0,459;46;46;0,282743339;16,2;0,143959411
25,22903965;0,302188627;0,459;47;47;0,289026524;16,56;0,147069939
25,77749704;0,307662575;0,459;48;48;0,295309709;16,92;0,150174662
26,32595442;0,313090139;0,459;49;49;0,301592895;17,28;0,153273456
26,87441181;0,318471318;0,459;50;50;0,30787608;17,64;0,156366199
27,42286919;0,323806111;0,459;51;51;0,314159265;18;0,159452769
27,97132657;0,329094519;0,459;52;52;0,320442451;18,36;0,162533044
28,51978396;0,33433654;0,459;53;53;0,326725636;18,72;0,165606903
29,06824134;0,339532173;0,459;54;54;0,333008821;19,08;0,168674223
29,61669872;0,344681419;0,459;55;55;0,339292007;19,44;0,171734885
30,16515611;0,349784276;0,459;56;56;0,345575192;19,8;0,174788767
30,71361349;0,35469429;0,459;57;57;0,351858377;20,16;0,177835748
31,26207088;0,358998519;0,459;58;58;0,358141563;20,52;0,180875709
31,81052826;0,362507682;0,459;59;59;0,364424748;20,88;0,183908529
32,35898564;0,366035408;0,459;60;60;0,370707933;21,24;0,186934089
32,90744303;0,369536324;0,459;61;61;0,376991118;21,6;0,189952269
33,45590041;0,372988834;0,459;62;62;0,383274304;21,96;0,19296295
34,00435779;0,37639294;0,459;63;63;0,389557489;22,32;0,195966013
34,55281518;0,379748646;0,459;64;64;0,395840674;22,68;0,19896134
35,10127256;0,383055955;0,459;65;65;0,40212386;23,04;0,201948812
35,64972995;0,386314868;0,459;66;66;0,408407045;23,4;0,204928312
36,19818733;0,389525389;0,459;67;67;0,41469023;23,76;0,207899721
36,74664471;0,392687521;0,459;68;68;0,420973416;24,12;0,210862923
37,2951021;0,395801266;0,459;69;69;0,427256601;24,48;0,2138178
37,84355948;0,398866628;0,459;70;70;0,433539786;24,84;0,216764236
38,39201686;0,401883609;0,459;71;71;0,439822972;25,2;0,219702114
38,94047425;0,404852212;0,459;72;72;0,446106157;25,56;0,22263132
39,48893163;0,40777244;0,459;73;73;0,452389342;25,92;0,225551736
40,03738902;0,410644295;0,459;74;74;0,458672527;26,28;0,228463247
40,5858464;0,413467781;0,459;75;75;0,464955713;26,64;0,23136574
41,13430378;0,4162429;0,459;76;76;0,471238898;27;0,234259098
41,68276117;0,418969656;0,459;77;77;0,477522083;27,36;0,237143208
42,23121855;0,42164805;0,459;78;78;0,483805269;27,72;0,240017956
42,77967593;0,424246989;0,459;79;79;0,490088454;28,08;0,242883229
43,32813332;0,426698563;0,459;80;80;0,496371639;28,44;0,245738913
43,8765907;0,429116218;0,459;81;81;0,502654825;28,8;0,248584896
44,42504809;0,431499953;0,459;82;82;0,50893801;29,16;0,251421065
44,97350547;0,433849771;0,459;83;83;0,515221195;29,52;0,254247308
45,52196285;0,436165674;0,459;84;84;0,52150438;29,88;0,257063514
46,07042024;0,438447661;0,459;85;85;0,527787566;30,24;0,259869572
46,61887762;0,440695736;0,459;86;86;0,534070751;30,6;0,262665371
47,16733501;0,4429099;0,459;87;87;0,540353936;30,96;0,265450799
47,71579239;0,444756706;0,459;88;88;0,546637122;31,32;0,268225749
48,26424977;0,446373525;0,459;89;89;0,552920307;31,68;0,270990109
48,81270716;0,447985409;0,459;90;90;0,559203492;32,04;0,273743771
49,36116454;0,449592359;0,459;91;91;0,565486678;32,4;0,276486626
49,90962192;0,451194375;0,459;92;92;0,571769863;32,76;0,279218566
50,45807931;0,452791458;0,459;93;93;0,578053048;33,12;0,281939483
51,00653669;0,454383608;0,459;94;94;0,584336234;33,48;0,284649269
51,55499408;0,455970826;0,459;95;95;0,590619419;33,84;0,287347818
52,10345146;0,457526489;0,459;96;96;0,596902604;34,2;0,290035023
52,65190884;0,458442602;0,459;97;97;0,603185789;34,56;0,292710778
53,20036623;0,459350223;0,459;98;98;0,609468975;34,92;0,295374977
53,74882361;0,46024935;0,459;99;99;0,61575216;35,28;0,298027515
54,29728099;0,461139982;0,459;100;100;0,622035345;35,64;0,300668288
54,84573838;0,462022116;0,459;101;101;0,628318531;36;0,30329719
55,39419576;0,462895751;0,459;102;102;0,634601716;36,36;0,305914119
55,94265315;0,463760884;0,459;103;103;0,640884901;36,72;0,308518971
56,49111053;0,464617514;0,459;104;104;0,647168087;37,08;0,311111644
57,03956791;0,465350548;0,459;105;105;0,653451272;37,44;0,313692034
57,5880253;0,465985028;0,459;106;106;0,659734457;37,8;0,31626004
58,13648268;0,466592151;0,459;107;107;0,666017643;38,16;0,31881556
58,68494006;0,467171914;0,459;108;108;0,672300828;38,52;0,321358495
59,23339745;0,467724318;0,459;109;109;0,678584013;38,88;0,323888742
59,78185483;0,468249361;0,459;110;110;0,684867198;39,24;0,326406204
60,33031222;0,468747043;0,459;111;111;0,691150384;39,6;0,328910779
60,8787696;0,469217362;0,459;112;112;0,697433569;39,96;0,331402369
61,42722698;0,469660319;0,459;113;113;0,703716754;40,32;0,333880876
61,97568437;0,470075911;0,459;114;114;0,70999994;40,68;0,336346202
62,52414175;0,470464137;0,459;115;115;0,716283125;41,04;0,33879825
63,07259913;0,470824999;0,459;116;116;0,72256631;41,4;0,341236923
63,62105652;0,471158493;0,459;117;117;0,728849496;41,76;0,343662124
64,1695139;0,47146462;0,459;118;118;0,735132681;42,12;0,346073757
64,71797129;0,471743378;0,459;119;119;0,741415866;42,48;0,348471729
65,26642867;0,471994767;0,459;120;120;0,747699052;42,84;0,350855943
65,81488605;0,472218786;0,459;121;121;0,753982237;43,2;0,353226307
66,36334344;0,472415433;0,459;122;122;0,760265422;43,56;0,355582725
66,91180082;0,472584709;0,459;123;123;0,766548607;43,92;0,357925106
67,4602582;0,472726612;0,459;124;124;0,772831793;44,28;0,360253356
68,00871559;0,472827288;0,459;125;125;0,779114978;44,64;0,362567384
68,55717297;0,472830306;0,459;126;126;0,785398163;45;0,364867099
69,10563036;0,472813106;0,459;127;127;0,791681349;45,36;0,367152409
69,65408774;0,472775689;0,459;128;128;0,797964534;45,72;0,369423225
70,20254512;0,472819584;0,459;129;129;0,804247719;46,08;0,371679457
70,75100251;0,472979675;0,459;130;130;0,810530905;46,44;0,373921015
71,29945989;0,474301774;0,459;131;131;0,81681409;46,8;0,376147812
71,84791728;0,474014721;0,459;132;132;0,823097275;47,16;0,378359759
72,39637466;0,473666514;0,459;133;133;0,829380461;47,52;0,380556769
72,94483204;0,473103787;0,459;134;134;0,835663646;47,88;0,382738755
73,49328943;0,47242576;0,459;135;135;0,841946831;48,24;0,384905631
74,04174681;0,471725773;0,459;136;136;0,848230016;48,6;0,387057312
74,59020419;0,471039075;0,459;137;137;0,854513202;48,96;0,389193712
75,13866158;0,470422197;0,459;138;138;0,860796387;49,32;0,391314748
75,68711896;0,469776684;0,459;139;139;0,867079572;49,68;0,393420336
76,23557635;0,469102538;0,459;140;140;0,873362758;50,04;0,395510392
76,78403373;0,468399759;0,459;141;141;0,879645943;50,4;0,397584833
77,33249111;0,467668347;0,459;142;142;0,885929128;50,76;0,399643579
77,8809485;0,466908304;0,459;143;143;0,892212314;51,12;0,401686548
78,42940588;0,46611963;0,459;144;144;0,898495499;51,48;0,403713658
78,97786326;0,465302326;0,459;145;145;0,904778684;51,84;0,405724831
79,52632065;0,464456392;0,459;146;146;0,91106187;52,2;0,407719986
80,07477803;0,46358183;0,459;147;147;0,917345055;52,56;0,409699046
80,62323542;0,46267864;0,459;148;148;0,92362824;52,92;0,411661931
81,1716928;0,461746823;0,459;149;149;0,929911425;53,28;0,413608564
81,72015018;0,460786379;0,459;150;150;0,936194611;53,64;0,415538869
82,26860757;0,459797309;0,459;151;151;0,942477796;54;0,417452769
82,81706495;0,458779615;0,459;152;152;0,948760981;54,36;0,419350189
83,36552233;0,457733297;0,459;153;153;0,955044167;54,72;0,421231053
83,91397972;0,456658355;0,459;154;154;0,961327352;55,08;0,423095288
84,4624371;0,45555479;0,459;155;155;0,967610537;55,44;0,42494282
85,01089449;0,454422603;0,459;156;156;0,973893723;55,8;0,426773576
85,55935187;0,453261796;0,459;157;157;0,980176908;56,16;0,428587484
86,10780925;0,452072368;0,459;158;158;0,986460093;56,52;0,430384472
86,65626664;0,45085432;0,459;159;159;0,992743279;56,88;0,432164469
87,20472402;0,449607654;0,459;160;160;0,999026464;57,24;0,433927404
87,7531814;0,448332369;0,459;161;161;1,005309649;57,6;0,43567321
88,30163879;0,447028467;0,459;162;162;1,011592834;57,96;0,437401815
88,85009617;0,445695948;0,459;163;163;1,01787602;58,32;0,439113153
89,39855356;0,444334814;0,459;164;164;1,024159205;58,68;0,440807155
89,94701094;0,442929591;0,459;165;165;1,03044239;59,04;0,442483755
90,49546832;0,441041296;0,459;166;166;1,036725576;59,4;0,444142886
91,04392571;0,439140377;0,459;167;167;1,043008761;59,76;0,445784483
91,59238309;0,437226836;0,459;168;168;1,049291946;60,12;0,447408482
92,14084047;0,435300679;0,459;169;169;1,055575132;60,48;0,449014817
92,68929786;0,433361908;0,459;170;170;1,061858317;60,84;0,450603427
93,23775524;0,431410527;0,459;171;171;1,068141502;61,2;0,452174247
93,78621263;0,42944654;0,459;172;172;1,074424688;61,56;0,453727216
94,33467001;0,427041929;0,459;173;173;1,080707873;61,92;0,455262273
94,88312739;0,424181596;0,459;174;174;1,086991058;62,28;0,456779357
95,43158478;0,421305338;0,459;175;175;1,093274243;62,64;0,458278408
95,98004216;0,418413161;0,459;176;176;1,099557429;63;0,459759366
96,52849955;0,415505072;0,459;177;177;1,105840614;63,36;0,461222175
97,07695693;0,412581078;0,459;178;178;1,112123799;63,72;0,462666775
97,62541431;0,409547843;0,459;179;179;1,118406985;64,08;0,46409311
98,1738717;0,406059232;0,459;180;180;1,12469017;64,44;0,465501123
98,72232908;0,402527841;0,459;181;181;1,130973355;64,8;0,466890759
99,27078646;0,398953675;0,459;182;182;1,137256541;65,16;0,468261963
99,81924385;0,39533674;0,459;183;183;1,143539726;65,52;0,469614681
100,3677012;0,39167704;0,459;184;184;1,149822911;65,88;0,470948859
100,9161586;0,387974581;0,459;185;185;1,156106097;66,24;0,472264445
101,464616;0,384229368;0,459;186;186;1,162389282;66,6;0,473561387
102,0130734;0,380441407;0,459;187;187;1,168672467;66,96;0,474839633
102,5615308;0,376610701;0,459;188;188;1,174955652;67,32;0,476099134
103,1099882;0,372737257;0,459;189;189;1,181238838;67,68;0,477339839
103,6584455;0,368821081;0,459;190;190;1,187522023;68,04;0,478561699
104,2069029;0,364862176;0,459;191;191;1,193805208;68,4;0,479764667
104,7553603;0,360860548;0,459;192;192;1,200088394;68,76;0,480948694
105,3038177;0,356816203;0,459;193;193;1,206371579;69,12;0,482113734
105,8522751;0,352729146;0,459;194;194;1,212654764;69,48;0,483259742
106,4007325;0,348599382;0,459;195;195;1,21893795;69,84;0,484386671
106,9491898;0,344426916;0,459;196;196;1,225221135;70,2;0,485494477
107,4976472;0,340211753;0,459;197;197;1,23150432;70,56;0,486583117
108,0461046;0,335953899;0,459;198;198;1,237787506;70,92;0,487652547
108,594562;0,331504508;0,459;199;199;1,244070691;71,28;0,488702725
109,1430194;0,326923459;0,459;200;200;1,250353876;71,64;0,489733611
109,6914768;0,322408989;0,459;201;201;1,256637061;72;0,490745162
110,2399341;0,317810675;0,459;202;202;1,262920247;72,36;0,49173734
110,7883915;0,313128511;0,459;203;203;1,269203432;72,72;0,492710105
111,3368489;0,308362489;0,459;204;204;1,275486617;73,08;0,493663419
111,8853063;0,303435972;0,459;205;205;1,281769803;73,44;0,494597243
112,4337637;0,298146336;0,459;206;206;1,288052988;73,8;0,495511542
112,9822211;0,291861395;0,459;207;207;1,294336173;74,16;0,496406279
113,5306784;0,285385817;0,459;208;208;1,300619359;74,52;0,497281418
114,0791358;0,278879943;0,459;209;209;1,306902544;74,88;0,498136926
114,6275932;0,272595173;0,459;210;210;1,313185729;75,24;0,498972768
115,1760506;0,266623619;0,459;211;211;1,319468915;75,6;0,499788911
115,724508;0,260617383;0,459;212;212;1,3257521;75,96;0,500585324
116,2729654;0,254576466;0,459;213;213;1,332035285;76,32;0,501361974
116,8214227;0,248446597;0,459;214;214;1,33831847;76,68;0,502118832
117,3698801;0,242084861;0,459;215;215;1,344601656;77,04;0,502855866
117,9183375;0,235707342;0,459;216;216;1,350884841;77,4;0,503573049
118,4667949;0,229314036;0,459;217;217;1,357168026;77,76;0,504270352
119,0152523;0,22290494;0,459;218;218;1,363451212;78,12;0,504947747
119,5637097;0,216480051;0,459;219;219;1,369734397;78,48;0,505605207
120,112167;0,210039365;0,459;220;220;1,376017582;78,84;0,506242707
120,6606244;0,203582879;0,459;221;221;1,382300768;79,2;0,506860221
121,2090818;0,19711059;0,459;222;222;1,388583953;79,56;0,507457726
121,7575392;0,190622493;0,459;223;223;1,394867138;79,92;0,508035197
122,3059966;0,184118586;0,459;224;224;1,401150324;80,28;0,508592611
122,854454;0,177598866;0,459;225;225;1,407433509;80,64;0,509129947
123,4029114;0,171063328;0,459;226;226;1,413716694;81;0,509647184
123,9513687;0,16451197;0,459;227;227;1,419999879;81,36;0,5101443
124,4998261;0,157944788;0,459;228;228;1,426283065;81,72;0,510621277
125,0482835;0,151361778;0,459;229;229;1,43256625;82,08;0,511078096
125,5967409;0,144762938;0,459;230;230;1,438849435;82,44;0,511514738
126,1451983;0,138148264;0,459;231;231;1,445132621;82,8;0,511931186
126,6936557;0,131517752;0,459;232;232;1,451415806;83,16;0,512327424
127,242113;0,124871399;0,459;233;233;1,457698991;83,52;0,512703436
127,7905704;0,118209202;0,459;234;234;1,463982177;83,88;0,513059208
128,3390278;0,111531158;0,459;235;235;1,470265362;84,24;0,513394725
128,8874852;0,104837262;0,459;236;236;1,476548547;84,6;0,513709974
129,4359426;0,098127512;0,459;237;237;1,482831732;84,96;0,514004942
129,9844;0,091215655;0,459;238;238;1,489114918;85,32;0,514279619
130,5328573;0,084129649;0,459;239;239;1,495398103;85,68;0,514533993
131,0813147;0,077058724;0,459;240;240;1,501681288;86,04;0,514768053
131,6297721;0,070002307;0,459;241;241;1,507964474;86,4;0,514981792
132,1782295;0,062960397;0,459;242;242;1,514247659;86,76;0,5151752
132,7266869;0,055932995;0,459;243;243;1,520530844;87,12;0,51534827
133,2751443;0,048920101;0,459;244;244;1,52681403;87,48;0,515500994
133,8236016;0,041921717;0,459;245;245;1,533097215;87,84;0,515633368
134,372059;0,034937841;0,459;246;246;1,5393804;88,2;0,515745385
134,9205164;0,027968476;0,459;247;247;1,545663586;88,56;0,515837042
135,4689738;0,02101362;0,459;248;248;1,551946771;88,92;0,515908334
136,0174312;0,014066732;0,459;249;249;1,558229956;89,28;0,515959259
136,5658886;0,007052618;0,459;250;250;1,564513141;89,64;0,515989815
137,1143459;4,83E-05;0,459;251;251;1,570796327;90;0,516
137,6628033;-0,006961178;-0,459;1;252;1,577079512;90,36;0,515989815
138,2112607;-0,013979988;-0,459;2;253;1,583362697;90,72;0,515959259
138,7597181;-0,020991998;-0,459;3;254;1,589645883;91,08;0,515908334
139,3081755;-0,027997205;-0,459;4;255;1,595929068;91,44;0,515837042
139,8566329;-0,034995611;-0,459;5;256;1,602212253;91,8;0,515745385
140,4050902;-0,041987215;-0,459;6;257;1,608495439;92,16;0,515633368
140,9535476;-0,048972017;-0,459;7;258;1,614778624;92,52;0,515500994
141,502005;-0,055950018;-0,459;8;259;1,621061809;92,88;0,51534827
142,0504624;-0,062921217;-0,459;9;260;1,627344995;93,24;0,5151752
142,5989198;-0,069885615;-0,459;10;261;1,63362818;93,6;0,514981792
143,1473772;-0,076843212;-0,459;11;262;1,639911365;93,96;0,514768053
143,6958346;-0,083794007;-0,459;12;263;1,64619455;94,32;0,514533993
144,2442919;-0,090709427;-0,459;13;264;1,652477736;94,68;0,514279619
144,7927493;-0,097457029;-0,459;14;265;1,658760921;95,04;0,514004942
145,3412067;-0,104204649;-0,459;15;266;1,665044106;95,4;0,513709974
145,8896641;-0,110952291;-0,459;16;267;1,671327292;95,76;0,513394725
146,4381215;-0,117699958;-0,459;17;268;1,677610477;96,12;0,513059208
146,9865789;-0,124447655;-0,459;18;269;1,683893662;96,48;0,512703436
147,5350362;-0,131195384;-0,459;19;270;1,690176848;96,84;0,512327424
148,0834936;-0,137943151;-0,459;20;271;1,696460033;97,2;0,511931186
148,631951;-0,144690959;-0,459;21;272;1,702743218;97,56;0,511514738
149,1804084;-0,151438812;-0,459;22;273;1,709026404;97,92;0,511078096
149,7288658;-0,158186713;-0,459;23;274;1,715309589;98,28;0,510621277
150,2773232;-0,164934667;-0,459;24;275;1,721592774;98,64;0,5101443
150,8257805;-0,171682677;-0,459;25;276;1,727875959;99;0,509647184
151,3742379;-0,178419094;-0,459;26;277;1,734159145;99,36;0,509129947
151,9226953;-0,184944404;-0,459;27;278;1,74044233;99,72;0,508592611
152,4711527;-0,191443192;-0,459;28;279;1,746725515;100,08;0,508035197
153,0196101;-0,197915464;-0,459;29;280;1,753008701;100,44;0,507457726
153,5680675;-0,204361226;-0,459;30;281;1,759291886;100,8;0,506860221
154,1165248;-0,210780485;-0,459;31;282;1,765575071;101,16;0,506242707
154,6649822;-0,217173248;-0,459;32;283;1,771858257;101,52;0,505605207
155,2134396;-0,223578724;-0,459;33;284;1,778141442;101,88;0,504947747
155,761897;-0,229961338;-0,459;34;285;1,784424627;102,24;0,504270352
156,3103544;-0,236317158;-0,459;35;286;1,790707813;102,6;0,503573049
156,8588118;-0,242646189;-0,459;36;287;1,796990998;102,96;0,502855866
157,4072691;-0,248948439;-0,459;37;288;1,803274183;103,32;0,502118832
157,9557265;-0,255223914;-0,459;38;289;1,809557368;103,68;0,501361974
158,5041839;-0,261179025;-0,459;39;290;1,815840554;104,04;0,500585324
159,0526413;-0,267129512;-0,459;40;291;1,822123739;104,4;0,499788911
159,6010987;-0,273096636;-0,459;41;292;1,828406924;104,76;0,498972768
160,1495561;-0,279001261;-0,459;42;293;1,83469011;105,12;0,498136926
160,6980134;-0,284843382;-0,459;43;294;1,840973295;105,48;0,497281418
161,2464708;-0,290622995;-0,459;44;295;1,84725648;105,84;0,496406279
161,7949282;-0,296340093;-0,459;45;296;1,853539666;106,2;0,495511542
162,3433856;-0,301994673;-0,459;46;297;1,859822851;106,56;0,494597243
162,891843;-0,30758673;-0,459;47;298;1,866106036;106,92;0,493663419
163,4403004;-0,313116258;-0,459;48;299;1,872389222;107,28;0,492710105
163,9887577;-0,318583252;-0,459;49;300;1,878672407;107,64;0,49173734
164,5372151;-0,323987708;-0,459;50;301;1,884955592;108;0,490745162
165,0856725;-0,329329621;-0,459;51;302;1,891238777;108,36;0,489733611
165,6341299;-0,333902384;-0,459;52;303;1,897521963;108,72;0,488702725
166,1825873;-0,33777582;-0,459;53;304;1,903805148;109,08;0,487652547
166,7310447;-0,341613841;-0,459;54;305;1,910088333;109,44;0,486583117
167,2795021;-0,345416444;-0,459;55;306;1,916371519;109,8;0,485494477
167,8279594;-0,34918363;-0,459;56;307;1,922654704;110,16;0,484386671
168,3764168;-0,352915396;-0,459;57;308;1,928937889;110,52;0,483259742
168,9248742;-0,356611742;-0,459;58;309;1,935221075;110,88;0,482113734
169,4733316;-0,360272666;-0,459;59;310;1,94150426;111,24;0,480948694
170,021789;-0,363898167;-0,459;60;311;1,947787445;111,6;0,479764667
170,5702464;-0,367488245;-0,459;61;312;1,954070631;111,96;0,478561699
171,1187037;-0,371042898;-0,459;62;313;1,960353816;112,32;0,477339839
171,6671611;-0,374562124;-0,459;63;314;1,966637001;112,68;0,476099134
172,2156185;-0,378045923;-0,459;64;315;1,972920186;113,04;0,474839633
172,7640759;-0,381494293;-0,459;65;316;1,979203372;113,4;0,473561387
173,3125333;-0,384907234;-0,459;66;317;1,985486557;113,76;0,472264445
173,8609907;-0,388284744;-0,459;67;318;1,991769742;114,12;0,470948859
174,409448;-0,391626821;-0,459;68;319;1,998052928;114,48;0,469614681
174,9579054;-0,394933466;-0,459;69;320;2,004336113;114,84;0,468261963
175,5063628;-0,398204676;-0,459;70;321;2,010619298;115,2;0,466890759
176,0548202;-0,401440451;-0,459;71;322;2,016902484;115,56;0,465501123
176,6032776;-0,404640789;-0,459;72;323;2,023185669;115,92;0,46409311
177,151735;-0,407805689;-0,459;73;324;2,029468854;116,28;0,462666775
177,7001923;-0,4111065;-0,459;74;325;2,03575204;116,64;0,461222175
178,2486497;-0,414584357;-0,459;75;326;2,042035225;117;0,459759366
178,7971071;-0,418051007;-0,459;76;327;2,04831841;117,36;0,458278408
179,3455645;-0,421506462;-0,459;77;328;2,054601595;117,72;0,456779357
179,8940219;-0,424658922;-0,459;78;329;2,060884781;118,08;0,455262273
180,4424793;-0,427000771;-0,459;79;330;2,067167966;118,44;0,453727216
180,9909366;-0,4292717;-0,459;80;331;2,073451151;118,8;0,452174247
181,539394;-0,431554771;-0,459;81;332;2,079734337;119,16;0,450603427
182,0878514;-0,430933089;-0,459;82;333;2,086017522;119,52;0,449014817
182,6363088;-0,432551463;-0,459;83;334;2,092300707;119,88;0,447408482
183,1847662;-0,434129658;-0,459;84;335;2,098583893;120,24;0,445784483
183,7332236;-0,438584883;-0,459;85;336;2,104867078;120,6;0,444142886
184,2816809;-0,440317537;-0,459;86;337;2,111150263;120,96;0,442483755
184,8301383;-0,441974261;-0,459;87;338;2,117433449;121,32;0,440807155
185,3785957;-0,443600792;-0,459;88;339;2,123716634;121,68;0,439113153
185,9270531;-0,445197131;-0,459;89;340;2,129999819;122,04;0,437401815
186,4755105;-0,446763276;-0,459;90;341;2,136283004;122,4;0,43567321
187,0239679;-0,448299228;-0,459;91;342;2,14256619;122,76;0,433927404
187,5724253;-0,449804984;-0,459;92;343;2,148849375;123,12;0,432164469
188,1208826;-0,45128133;-0,459;93;344;2,15513256;123,48;0,430384472
188,66934;-0,452735601;-0,459;94;345;2,161415746;123,84;0,428587484
189,2177974;-0,454160123;-0,459;95;346;2,167698931;124,2;0,426773576
189,7662548;-0,455554893;-0,459;96;347;2,173982116;124,56;0,42494282
190,3147122;-0,456919911;-0,459;97;348;2,180265302;124,92;0,423095288
190,8631696;-0,458255175;-0,459;98;349;2,186548487;125,28;0,421231053
191,4116269;-0,459560684;-0,459;99;350;2,192831672;125,64;0,419350189
191,9600843;-0,460836436;-0,459;100;351;2,199114858;126;0,417452769
192,5085417;-0,462082431;-0,459;101;352;2,205398043;126,36;0,415538869
193,0569991;-0,463298666;-0,459;102;353;2,211681228;126,72;0,413608564
193,6054565;-0,464485142;-0,459;103;354;2,217964413;127,08;0,411661931
194,1539139;-0,465641856;-0,459;104;355;2,224247599;127,44;0,409699046
194,7023712;-0,466768807;-0,459;105;356;2,230530784;127,8;0,407719986
195,2508286;-0,467865994;-0,459;106;357;2,236813969;128,16;0,405724831
195,799286;-0,468426331;-0,459;107;358;2,243097155;128,52;0,403713658
196,3477434;-0,468890244;-0,459;108;359;2,24938034;128,88;0,401686548
196,8962008;-0,46939044;-0,459;109;360;2,255663525;129,24;0,399643579
197,4446582;-0,469875396;-0,459;110;361;2,261946711;129,6;0,397584833
197,9931155;-0,470345109;-0,459;111;362;2,268229896;129,96;0,395510392
198,5415729;-0,47079958;-0,459;112;363;2,274513081;130,32;0,393420336
199,0900303;-0,471238808;-0,459;113;364;2,280796267;130,68;0,391314748
199,6384877;-0,471662793;-0,459;114;365;2,287079452;131,04;0,389193712
200,1869451;-0,472071532;-0,459;115;366;2,293362637;131,4;0,387057312
200,7354025;-0,472465026;-0,459;116;367;2,299645822;131,76;0,384905631
201,2838598;-0,472843275;-0,459;117;368;2,305929008;132,12;0,382738755
201,8323172;-0,473206276;-0,459;118;369;2,312212193;132,48;0,380556769
202,3807746;-0,47355403;-0,459;119;370;2,318495378;132,84;0,378359759
202,929232;-0,473886536;-0,459;120;371;2,324778564;133,2;0,376147812
203,4776894;-0,474184927;-0,459;121;372;2,331061749;133,56;0,373921015
204,0261468;-0,474366017;-0,459;122;373;2,337344934;133,92;0,371679457
204,5746041;-0,474324688;-0,459;123;374;2,34362812;134,28;0,369423225
205,1230615;-0,474250403;-0,459;124;375;2,349911305;134,64;0,367152409
205,6715189;-0,474164682;-0,459;125;376;2,35619449;135;0,364867099
206,2199763;-0,474067525;-0,459;126;377;2,362477675;135,36;0,362567384
206,7684337;-0,473958935;-0,459;127;378;2,368760861;135,72;0,360253356
207,3168911;-0,473838912;-0,459;128;379;2,375044046;136,08;0,357925106
207,8653485;-0,473502946;-0,459;129;380;2,381327231;136,44;0,355582725
208,4138058;-0,473141114;-0,459;130;381;2,387610417;136,8;0,353226307
208,9622632;-0,472766334;-0,459;131;382;2,393893602;137,16;0,350855943
209,5107206;-0,472378606;-0,459;132;383;2,400176787;137,52;0,348471729
210,059178;-0,471977931;-0,459;133;384;2,406459973;137,88;0,346073757
210,6076354;-0,471564308;-0,459;134;385;2,412743158;138,24;0,343662124
211,1560928;-0,47113774;-0,459;135;386;2,419026343;138,6;0,341236923
211,7045501;-0,470698226;-0,459;136;387;2,425309529;138,96;0,33879825
212,2530075;-0,470245767;-0,459;137;388;2,431592714;139,32;0,336346202
212,8014649;-0,469780363;-0,459;138;389;2,437875899;139,68;0,333880876
213,3499223;-0,469302015;-0,459;139;390;2,444159084;140,04;0,331402369
213,8983797;-0,468810724;-0,459;140;391;2,45044227;140,4;0,328910779
214,4468371;-0,468306489;-0,459;141;392;2,456725455;140,76;0,326406204
214,9952944;-0,467789313;-0,459;142;393;2,46300864;141,12;0,323888742
215,5437518;-0,467259194;-0,459;143;394;2,469291826;141,48;0,321358495
216,0922092;-0,466716134;-0,459;144;395;2,475575011;141,84;0,31881556
216,6406666;-0,466160133;-0,459;145;396;2,481858196;142,2;0,31626004
217,189124;-0,465591191;-0,459;146;397;2,488141382;142,56;0,313692034
217,7375814;-0,46500931;-0,459;147;398;2,494424567;142,92;0,311111644
218,2860387;-0,464315136;-0,459;148;399;2,500707752;143,28;0,308518971
218,8344961;-0,463286564;-0,459;149;400;2,506990938;143,64;0,305914119
219,3829535;-0,462256364;-0,459;150;401;2,513274123;144;0,30329719
219,9314109;-0,461224535;-0,459;151;402;2,519557308;144,36;0,300668288
220,4798683;-0,460191076;-0,459;152;403;2,525840493;144,72;0,298027515
221,0283257;-0,459155986;-0,459;153;404;2,532123679;145,08;0,295374977
221,576783;-0,458119264;-0,459;154;405;2,538406864;145,44;0,292710778
222,1252404;-0,457080909;-0,459;155;406;2,544690049;145,8;0,290035023
222,6736978;-0,456040919;-0,459;156;407;2,550973235;146,16;0,287347818
223,2221552;-0,454999294;-0,459;157;408;2,55725642;146,52;0,284649269
223,7706126;-0,453330749;-0,459;158;409;2,563539605;146,88;0,281939483
224,31907;-0,451511322;-0,459;159;410;2,569822791;147,24;0,279218566
224,8675273;-0,449668938;-0,459;160;411;2,576105976;147,6;0,276486626
225,4159847;-0,447788329;-0,459;161;412;2,582389161;147,96;0,273743771
225,9644421;-0,445871862;-0,459;162;413;2,588672347;148,32;0,270990109
226,5128995;-0,443943042;-0,459;163;414;2,594955532;148,68;0,268225749
227,0613569;-0,442001871;-0,459;164;415;2,601238717;149,04;0,265450799
227,6098143;-0,440048347;-0,459;165;416;2,607521902;149,4;0,262665371
228,1582717;-0,438082471;-0,459;166;417;2,613805088;149,76;0,259869572
228,706729;-0,436104241;-0,459;167;418;2,620088273;150,12;0,257063514
229,2551864;-0,434113658;-0,459;168;419;2,626371458;150,48;0,254247308
229,8036438;-0,432110721;-0,459;169;420;2,632654644;150,84;0,251421065
230,3521012;-0,43009543;-0,459;170;421;2,638937829;151,2;0,248584896
230,9005586;-0,428067785;-0,459;171;422;2,645221014;151,56;0,245738913
231,449016;-0,426027785;-0,459;172;423;2,6515042;151,92;0,242883229
231,9974733;-0,423975429;-0,459;173;424;2,657787385;152,28;0,240017956
232,5459307;-0,421910718;-0,459;174;425;2,66407057;152,64;0,237143208
233,0943881;-0,419833651;-0,459;175;426;2,670353756;153;0,234259098
233,6428455;-0,416799734;-0,459;176;427;2,676636941;153,36;0,23136574
234,1913029;-0,413381853;-0,459;177;428;2,682920126;153,72;0,228463247
234,7397603;-0,409926754;-0,459;178;429;2,689203311;154,08;0,225551736
235,2882176;-0,406434442;-0,459;179;430;2,695486497;154,44;0,22263132
235,836675;-0,402904922;-0,459;180;431;2,701769682;154,8;0,219702114
236,3851324;-0,399338199;-0,459;181;432;2,708052867;155,16;0,216764236
236,9335898;-0,395734276;-0,459;182;433;2,714336053;155,52;0,2138178
237,4820472;-0,392093159;-0,459;183;434;2,720619238;155,88;0,210862923
238,0305046;-0,388414852;-0,459;184;435;2,726902423;156,24;0,207899721
238,5789619;-0,38469936;-0,459;185;436;2,733185609;156,6;0,204928312
239,1274193;-0,380946686;-0,459;186;437;2,739468794;156,96;0,201948812
239,6758767;-0,377156837;-0,459;187;438;2,745751979;157,32;0,19896134
240,2243341;-0,373329815;-0,459;188;439;2,752035165;157,68;0,195966013
240,7727915;-0,369465626;-0,459;189;440;2,75831835;158,04;0,19296295
241,3212489;-0,365564275;-0,459;190;441;2,764601535;158,4;0,189952269
241,8697062;-0,361625766;-0,459;191;442;2,77088472;158,76;0,186934089
242,4181636;-0,357728482;-0,459;192;443;2,777167906;159,12;0,183908529
242,966621;-0,3538331;-0,459;193;444;2,783451091;159,48;0,180875709
243,5150784;-0,34916879;-0,459;194;445;2,789734276;159,84;0,177835748
244,0635358;-0,344474108;-0,459;195;446;2,796017462;160,2;0,174788767
244,6119932;-0,339755541;-0,459;196;447;2,802300647;160,56;0,171734885
245,1604505;-0,335148637;-0,459;197;448;2,808583832;160,92;0,168674223
245,7089079;-0,330513236;-0,459;198;449;2,814867018;161,28;0,165606903
246,2573653;-0,325849337;-0,459;199;450;2,821150203;161,64;0,162533044
246,8058227;-0,321147974;-0,459;200;451;2,827433388;162;0,159452769
247,3542801;-0,315921551;-0,459;201;452;2,833716574;162,36;0,156366199
247,9027375;-0,310911871;-0,459;202;453;2,839999759;162,72;0,153273456
248,4511949;-0,305839818;-0,459;203;454;2,846282944;163,08;0,150174662
248,9996522;-0,300705385;-0,459;204;455;2,852566129;163,44;0,147069939
249,5481096;-0,295508565;-0,459;205;456;2,858849315;163,8;0,143959411
250,096567;-0,290249348;-0,459;206;457;2,8651325;164,16;0,140843199
250,6450244;-0,284927728;-0,459;207;458;2,871415685;164,52;0,137721426
251,1934818;-0,279543697;-0,459;208;459;2,877698871;164,88;0,134594217
251,7419392;-0,274097248;-0,459;209;460;2,883982056;165,24;0,131461694
252,2903965;-0,268588372;-0,459;210;461;2,890265241;165,6;0,128323982
252,8388539;-0,263017062;-0,459;211;462;2,896548427;165,96;0,125181203
253,3873113;-0,25738331;-0,459;212;463;2,902831612;166,32;0,122033482
253,9357687;-0,251063153;-0,459;213;464;2,909114797;166,68;0,118880944
254,4842261;-0,244577265;-0,459;214;465;2,915397983;167,04;0,115723713
255,0326835;-0,238074057;-0,459;215;466;2,921681168;167,4;0,112561913
255,5811408;-0,231553531;-0,459;216;467;2,927964353;167,76;0,109395669
256,1295982;-0,225015686;-0,459;217;468;2,934247538;168,12;0,106225106
256,6780556;-0,218460523;-0,459;218;469;2,940530724;168,48;0,10305035
257,226513;-0,21188804;-0,459;219;470;2,946813909;168,84;0,099871526
257,7749704;-0,205298239;-0,459;220;471;2,953097094;169,2;0,096688758
258,3234278;-0,198691119;-0,459;221;472;2,95938028;169,56;0,093502174
258,8718851;-0,192066681;-0,459;222;473;2,965663465;169,92;0,090311898
259,4203425;-0,185424923;-0,459;223;474;2,97194665;170,28;0,087118057
259,9687999;-0,17874024;-0,459;224;475;2,978229836;170,64;0,083920777
260,5172573;-0,172037507;-0,459;225;476;2,984513021;171;0,080720184
261,0657147;-0,165323902;-0,459;226;477;2,990796206;171,36;0,077516404
261,6141721;-0,158599423;-0,459;227;478;2,997079392;171,72;0,074309564
262,1626294;-0,151864066;-0,459;228;479;3,003362577;172,08;0,07109979
262,7110868;-0,14511783;-0,459;229;480;3,009645762;172,44;0,067887209
263,2595442;-0,138360711;-0,459;230;481;3,015928947;172,8;0,064671949
263,8080016;-0,131592707;-0,459;231;482;3,022212133;173,16;0,061454135
264,356459;-0,124813817;-0,459;232;483;3,028495318;173,52;0,058233895
264,9049164;-0,118001817;-0,459;233;484;3,034778503;173,88;0,055011356
265,4533737;-0,111153032;-0,459;234;485;3,041061689;174,24;0,051786645
266,0018311;-0,104292518;-0,459;235;486;3,047344874;174,6;0,04855989
266,5502885;-0,097420271;-0,459;236;487;3,053628059;174,96;0,045331217
267,0987459;-0,090536287;-0,459;237;488;3,059911245;175,32;0,042100756
267,6472033;-0,083640563;-0,459;238;489;3,06619443;175,68;0,038868632
268,1956607;-0,076733095;-0,459;239;490;3,072477615;176,04;0,035634973
268,7441181;-0,06981388;-0,459;240;491;3,078760801;176,4;0,032399908
269,2925754;-0,062882914;-0,459;241;492;3,085043986;176,76;0,029163564
269,8410328;-0,055940193;-0,459;242;493;3,091327171;177,12;0,025926068
270,3894902;-0,048985714;-0,459;243;494;3,097610356;177,48;0,022687549
270,9379476;-0,042019473;-0,459;244;495;3,103893542;177,84;0,019448134
271,486405;-0,035041386;-0,459;245;496;3,110176727;178,2;0,016207952
272,0348624;-0,028061575;-0,459;246;497;3,116459912;178,56;0,012967129
272,5833197;-0,021020308;-0,459;247;498;3,122743098;178,92;0,009725795
273,1317771;-0,013986895;-0,459;248;499;3,129026283;179,28;0,006484077
273,6802345;-0,006959465;-0,459;249;500;3,135309468;179,64;0,003242102
274,2286919;6,20E-05;0,459;1;501;3,141592654;180;6,32177E-17
274,7771493;0,007077439;0,459;2;502;3,147875839;180,36;-0,003242102
275,3256067;0,014086913;0,459;3;503;3,154159024;180,72;-0,006484077
275,874064;0,0210904;0,459;4;504;3,16044221;181,08;-0,009725795
276,4225214;0,0280879;0,459;5;505;3,166725395;181,44;-0,012967129
276,9709788;0,035079411;0,459;6;506;3,17300858;181,8;-0,016207952
277,5194362;0,042064934;0,459;7;507;3,179291765;182,16;-0,019448134
278,0678936;0,049044467;0,459;8;508;3,185574951;182,52;-0,022687549
278,616351;0,056018011;0,459;9;509;3,191858136;182,88;-0,025926068
279,1648083;0,062985563;0,459;10;510;3,198141321;183,24;-0,029163564
279,7132657;0,069947124;0,459;11;511;3,204424507;183,6;-0,032399908
280,2617231;0,076902692;0,459;12;512;3,210707692;183,96;-0,035634973
280,8101805;0,083852267;0,459;13;513;3,216990877;184,32;-0,038868632
281,3586379;0,090795849;0,459;14;514;3,223274063;184,68;-0,042100756
281,9070953;0,097733436;0,459;15;515;3,229557248;185,04;-0,045331217
282,4555526;0,104665028;0,459;16;516;3,235840433;185,4;-0,04855989
283,00401;0,111736304;0,459;17;517;3,242123619;185,76;-0,051786645
283,5524674;0,11855901;0,459;18;518;3,248406804;186,12;-0,055011356
284,1009248;0,125417967;0,459;19;519;3,254689989;186,48;-0,058233895
284,6493822;0,132306971;0,459;20;520;3,260973174;186,84;-0,061454135
285,1978396;0,139039259;0,459;21;521;3,26725636;187,2;-0,064671949
285,7462969;0,145745208;0,459;22;522;3,273539545;187,56;-0,067887209
286,2947543;0,152424821;0,459;23;523;3,27982273;187,92;-0,07109979
286,8432117;0,158998508;0,459;24;524;3,286105916;188,28;-0,074309564
287,3916691;0,165493732;0,459;25;525;3,292389101;188,64;-0,077516404
287,9401265;0,171954083;0,459;26;526;3,298672286;189;-0,080720184
288,4885839;0,178379562;0,459;27;527;3,304955472;189,36;-0,083920777
289,0370413;0,18477017;0,459;28;528;3,311238657;189,72;-0,087118057
289,5854986;0,191134286;0,459;29;529;3,317521842;190,08;-0,090311898
290,133956;0,19768924;0,459;30;530;3,323805027;190,44;-0,093502174
290,6824134;0,204227171;0,459;31;531;3,330088213;190,8;-0,096688758
291,2308708;0,210748076;0,459;32;532;3,336371398;191,16;-0,099871526
291,7793282;0,217251957;0,459;33;533;3,342654583;191,52;-0,10305035
292,3277856;0,223738814;0,459;34;534;3,348937769;191,88;-0,106225106
292,8762429;0,230208646;0,459;35;535;3,355220954;192,24;-0,109395669
293,4247003;0,236661454;0,459;36;536;3,361504139;192,6;-0,112561913
293,9731577;0,243097239;0,459;37;537;3,367787325;192,96;-0,115723713
294,5216151;0,249515999;0,459;38;538;3,37407051;193,32;-0,118880944
295,0700725;0,258192675;0,459;39;539;3,380353695;193,68;-0,122033482
295,6185299;0,263930349;0,459;40;540;3,386636881;194,04;-0,125181203
296,1669872;0,268980771;0,459;41;541;3,392920066;194,4;-0,128323982
296,7154446;0,273874253;0,459;42;542;3,399203251;194,76;-0,131461694
297,263902;0,278714284;0,459;43;543;3,405486436;195,12;-0,134594217
297,8123594;0,283500863;0,459;44;544;3,411769622;195,48;-0,137721426
298,3608168;0,288233987;0,459;45;545;3,418052807;195,84;-0,140843199
298,9092742;0,292913655;0,459;46;546;3,424335992;196,2;-0,143959411
299,4577315;0,297539865;0,459;47;547;3,430619178;196,56;-0,147069939
300,0061889;0,302112614;0,459;48;548;3,436902363;196,92;-0,150174662
300,5546463;0,306983034;0,459;49;549;3,443185548;197,28;-0,153273456
301,1031037;0,312032237;0,459;50;550;3,449468734;197,64;-0,156366199
301,6515611;0,317042245;0,459;51;551;3,455751919;198;-0,159452769
302,2000185;0,322013058;0,459;52;552;3,462035104;198,36;-0,162533044
302,7484758;0,326944673;0,459;53;553;3,46831829;198,72;-0,165606903
303,2969332;0,33183709;0,459;54;554;3,474601475;199,08;-0,168674223
303,8453906;0,336690309;0,459;55;555;3,48088466;199,44;-0,171734885
304,393848;0,341504327;0,459;56;556;3,487167845;199,8;-0,174788767
304,9423054;0,346279146;0,459;57;557;3,493451031;200,16;-0,177835748
305,4907628;0,351014763;0,459;58;558;3,499734216;200,52;-0,180875709
306,0392201;0,355711177;0,459;59;559;3,506017401;200,88;-0,183908529
306,5876775;0,360368388;0,459;60;560;3,512300587;201,24;-0,186934089
307,1361349;0,364986395;0,459;61;561;3,518583772;201,6;-0,189952269
307,6845923;0,369565197;0,459;62;562;3,524866957;201,96;-0,19296295
308,2330497;0,374099482;0,459;63;563;3,531150143;202,32;-0,195966013
308,7815071;0,378503228;0,459;64;564;3,537433328;202,68;-0,19896134
309,3299645;0,38286356;0,459;65;565;3,543716513;203,04;-0,201948812
309,8784218;0,387180478;0,459;66;566;3,549999699;203,4;-0,204928312
310,4268792;0,391453981;0,459;67;567;3,556282884;203,76;-0,207899721
310,9753366;0,395684068;0,459;68;568;3,562566069;204,12;-0,210862923
311,523794;0,398786524;0,459;69;569;3,568849254;204,48;-0,2138178
312,0722514;0,401690617;0,459;70;570;3,57513244;204,84;-0,216764236
312,6207088;0,404579989;0,459;71;571;3,581415625;205,2;-0,219702114
313,1691661;0,407454639;0,459;72;572;3,58769881;205,56;-0,22263132
313,7176235;0,410314566;0,459;73;573;3,593981996;205,92;-0,225551736
314,2660809;0,413159768;0,459;74;574;3,600265181;206,28;-0,228463247
314,8145383;0,415990245;0,459;75;575;3,606548366;206,64;-0,23136574
315,3629957;0,418805995;0,459;76;576;3,612831552;207;-0,234259098
315,9114531;0,421607017;0,459;77;577;3,619114737;207,36;-0,237143208
316,4599104;0,42439331;0,459;78;578;3,625397922;207,72;-0,240017956
317,0083678;0,426747213;0,459;79;579;3,631681108;208,08;-0,242883229
317,5568252;0,4286543;0,459;80;580;3,637964293;208,44;-0,245738913
318,1052826;0,430531883;0,459;81;581;3,644247478;208,8;-0,248584896
318,65374;0,432379964;0,459;82;582;3,650530663;209,16;-0,251421065
319,2021974;0,434198543;0,459;83;583;3,656813849;209,52;-0,254247308
319,7506547;0,435987623;0,459;84;584;3,663097034;209,88;-0,257063514
320,2991121;0,437747205;0,459;85;585;3,669380219;210,24;-0,259869572
320,8475695;0,439477289;0,459;86;586;3,675663405;210,6;-0,262665371
321,3960269;0,441177879;0,459;87;587;3,68194659;210,96;-0,265450799
321,9444843;0,442848974;0,459;88;588;3,688229775;211,32;-0,268225749
322,4929417;0,444490577;0,459;89;589;3,694512961;211,68;-0,270990109
323,041399;0,446102688;0,459;90;590;3,700796146;212,04;-0,273743771
323,5898564;0,44768531;0,459;91;591;3,707079331;212,4;-0,276486626
324,1383138;0,449238444;0,459;92;592;3,713362517;212,76;-0,279218566
324,6867712;0,450762091;0,459;93;593;3,719645702;213,12;-0,281939483
325,2352286;0,452256253;0,459;94;594;3,725928887;213,48;-0,284649269
325,783686;0,453720931;0,459;95;595;3,732212072;213,84;-0,287347818
326,3321433;0,455156127;0,459;96;596;3,738495258;214,2;-0,290035023
326,8806007;0,456561841;0,459;97;597;3,744778443;214,56;-0,292710778
327,4290581;0,457938077;0,459;98;598;3,751061628;214,92;-0,295374977
327,9775155;0,459284834;0,459;99;599;3,757344814;215,28;-0,298027515
328,5259729;0,460602114;0,459;100;600;3,763627999;215,64;-0,300668288
329,0744303;0,46188992;0,459;101;601;3,769911184;216;-0,30329719
329,6228877;0,463148252;0,459;102;602;3,77619437;216,36;-0,305914119
330,171345;0,464377112;0,459;103;603;3,782477555;216,72;-0,308518971
330,7198024;0,465561628;0,459;104;604;3,78876074;217,08;-0,311111644
331,2682598;0,46657532;0,459;105;605;3,795043926;217,44;-0,313692034
331,8167172;0,467338087;0,459;106;606;3,801327111;217,8;-0,31626004
332,3651746;0,46791871;0,459;107;607;3,807610296;218,16;-0,31881556
332,913632;0,468505124;0,459;108;608;3,813893481;218,52;-0,321358495
333,4620893;0,469097327;0,459;109;609;3,820176667;218,88;-0,323888742
334,0105467;0,469695316;0,459;110;610;3,826459852;219,24;-0,326406204
334,5590041;0,470299089;0,459;111;611;3,832743037;219,6;-0,328910779
335,1074615;0,470908644;0,459;112;612;3,839026223;219,96;-0,331402369
335,6559189;0,47152398;0,459;113;613;3,845309408;220,32;-0,333880876
336,2043763;0,472145094;0,459;114;614;3,851592593;220,68;-0,336346202
336,7528336;0,472771983;0,459;115;615;3,857875779;221,04;-0,33879825
337,301291;0,473404647;0,459;116;616;3,864158964;221,4;-0,341236923
337,8497484;0,473900977;0,459;117;617;3,870442149;221,76;-0,343662124
338,3982058;0,473921864;0,459;118;618;3,876725335;222,12;-0,346073757
338,9466632;0,473931131;0,459;119;619;3,88300852;222,48;-0,348471729
339,4951206;0,473927069;0,459;120;620;3,889291705;222,84;-0,350855943
340,0435779;0,473909673;0,459;121;621;3,89557489;223,2;-0,353226307
340,5920353;0,473878942;0,459;122;622;3,901858076;223,56;-0,355582725
341,1404927;0,473834871;0,459;123;623;3,908141261;223,92;-0,357925106
341,6889501;0,473777458;0,459;124;624;3,914424446;224,28;-0,360253356
342,2374075;0,473706701;0,459;125;625;3,920707632;224,64;-0,362567384
342,7858649;0,473622595;0,459;126;626;3,926990817;225;-0,364867099
343,3343222;0,473525138;0,459;127;627;3,933274002;225,36;-0,367152409
343,8827796;0,473414328;0,459;128;628;3,939557188;225,72;-0,369423225
344,431237;0,47329016;0,459;129;629;3,945840373;226,08;-0,371679457
344,9796944;0,473152632;0,459;130;630;3,952123558;226,44;-0,373921015
345,5281518;0,473001741;0,459;131;631;3,958406744;226,8;-0,376147812
346,0766092;0,472837484;0,459;132;632;3,964689929;227,16;-0,378359759
346,6250665;0,472659858;0,459;133;633;3,970973114;227,52;-0,380556769
347,1735239;0,47246886;0,459;134;634;3,977256299;227,88;-0,382738755
347,7219813;0,472251753;0,459;135;635;3,983539485;228,24;-0,384905631
348,2704387;0,472015605;0,459;136;636;3,98982267;228,6;-0,387057312
348,8188961;0,471769267;0,459;137;637;3,996105855;228,96;-0,389193712
349,3673535;0,471512736;0,459;138;638;4,002389041;229,32;-0,391314748
349,9158109;0,471127019;0,459;139;639;4,008672226;229,68;-0,393420336
350,4642682;0,470373069;0,459;140;640;4,014955411;230,04;-0,395510392
351,0127256;0,46959708;0,459;141;641;4,021238597;230,4;-0,397584833
351,561183;0,468799052;0,459;142;642;4,027521782;230,76;-0,399643579
352,1096404;0,467978984;0,459;143;643;4,033804967;231,12;-0,401686548
352,6580978;0,467139187;0,459;144;644;4,040088153;231,48;-0,403713658
353,2065552;0,466310178;0,459;145;645;4,046371338;231,84;-0,405724831
353,7550125;0,465453757;0,459;146;646;4,052654523;232,2;-0,407719986
354,3034699;0,464569922;0,459;147;647;4,058937708;232,56;-0,409699046
354,8519273;0,463658673;0,459;148;648;4,065220894;232,92;-0,411661931
355,4003847;0,462720007;0,459;149;649;4,071504079;233,28;-0,413608564
355,9488421;0,461753922;0,459;150;650;4,077787264;233,64;-0,415538869
356,4972995;0,460760417;0,459;151;651;4,08407045;234;-0,417452769
357,0457568;0,459739491;0,459;152;652;4,090353635;234,36;-0,419350189
357,5942142;0,458673733;0,459;153;653;4,09663682;234,72;-0,421231053
358,1426716;0,457559864;0,459;154;654;4,102920006;235,08;-0,423095288
358,691129;0,456418866;0,459;155;655;4,109203191;235,44;-0,42494282
359,2395864;0,455250737;0,459;156;656;4,115486376;235,8;-0,426773576
359,7880438;0,454055477;0,459;157;657;4,121769562;236,16;-0,428587484
360,3365011;0,452833081;0,459;158;658;4,128052747;236,52;-0,430384472
360,8849585;0,451583549;0,459;159;659;4,134335932;236,88;-0,432164469
361,4334159;0,450306878;0,459;160;660;4,140619117;237,24;-0,433927404
361,9818733;0,449003067;0,459;161;661;4,146902303;237,6;-0,43567321
362,5303307;0,447672114;0,459;162;662;4,153185488;237,96;-0,437401815
363,0787881;0,446314016;0,459;163;663;4,159468673;238,32;-0,439113153
363,6272454;0,444928771;0,459;164;664;4,165751859;238,68;-0,440807155
364,1757028;0,443516379;0,459;165;665;4,172035044;239,04;-0,442483755
364,7241602;0,442076836;0,459;166;666;4,178318229;239,4;-0,444142886
365,2726176;0,439536217;0,459;167;667;4,184601415;239,76;-0,445784483
365,821075;0,436308689;0,459;168;668;4,1908846;240,12;-0,447408482
366,3695324;0,433765273;0,459;169;669;4,197167785;240,48;-0,449014817
366,9179897;0,432228041;0,459;170;670;4,203450971;240,84;-0,450603427
367,4664471;0,430013235;0,459;171;671;4,209734156;241,2;-0,452174247
368,0149045;0,42773603;0,459;172;672;4,216017341;241,56;-0,453727216
368,5633619;0,425396425;0,459;173;673;4,222300526;241,92;-0,455262273
369,1118193;0,422891128;0,459;174;674;4,228583712;242,28;-0,456779357
369,6602767;0,42025828;0,459;175;675;4,234866897;242,64;-0,458278408
370,2087341;0,417575808;0,459;176;676;4,241150082;243;-0,459759366
370,7571914;0,414765757;0,459;177;677;4,247433268;243,36;-0,461222175
371,3056488;0,41131596;0,459;178;678;4,253716453;243,72;-0,462666775
371,8541062;0,407841608;0,459;179;679;4,259999638;244,08;-0,46409311
372,4025636;0,404342706;0,459;180;680;4,266282824;244,44;-0,465501123
372,951021;0,400819255;0,459;181;681;4,272566009;244,8;-0,466890759
373,4994784;0,397271258;0,459;182;682;4,278849194;245,16;-0,468261963
374,0479357;0,39369872;0,459;183;683;4,285132379;245,52;-0,469614681
374,5963931;0,390101644;0,459;184;684;4,291415565;245,88;-0,470948859
375,1448505;0,386480032;0,459;185;685;4,29769875;246,24;-0,472264445
375,6933079;0,382833887;0,459;186;686;4,303981935;246,6;-0,473561387
376,2417653;0,379163214;0,459;187;687;4,310265121;246,96;-0,474839633
376,7902227;0,375468014;0,459;188;688;4,316548306;247,32;-0,476099134
377,33868;0,371748292;0,459;189;689;4,322831491;247,68;-0,477339839
377,8871374;0,36800405;0,459;190;690;4,329114677;248,04;-0,478561699
378,4355948;0,364235292;0,459;191;691;4,335397862;248,4;-0,479764667
378,9840522;0,360442021;0,459;192;692;4,341681047;248,76;-0,480948694
379,5325096;0,35662424;0,459;193;693;4,347964233;249,12;-0,482113734
380,080967;0,352781952;0,459;194;694;4,354247418;249,48;-0,483259742
380,6294243;0,34891516;0,459;195;695;4,360530603;249,84;-0,484386671
381,1778817;0,345023868;0,459;196;696;4,366813788;250,2;-0,485494477
381,7263391;0,340980785;0,459;197;697;4,373096974;250,56;-0,486583117
382,2747965;0,33626096;0,459;198;698;4,379380159;250,92;-0,487652547
382,8232539;0,331388291;0,459;199;699;4,385663344;251,28;-0,488702725
383,3717113;0,325924206;0,459;200;700;4,39194653;251,64;-0,489733611
383,9201686;0,32043764;0,459;201;701;4,398229715;252;-0,490745162
384,468626;0,314928595;0,459;202;702;4,4045129;252,36;-0,49173734
385,0170834;0,30939707;0,459;203;703;4,410796086;252,72;-0,492710105
385,5655408;0,303843067;0,459;204;704;4,417079271;253,08;-0,493663419
386,1139982;0,298266585;0,459;205;705;4,423362456;253,44;-0,494597243
386,6624556;0,293240102;0,459;206;706;4,429645642;253,8;-0,495511542
387,2109129;0,288223086;0,459;207;707;4,435928827;254,16;-0,496406279
387,7593703;0,282685235;0,459;208;708;4,442212012;254,52;-0,497281418
388,3078277;0,276667654;0,459;209;709;4,448495197;254,88;-0,498136926
388,8562851;0,270576119;0,459;210;710;4,454778383;255,24;-0,498972768
389,4047425;0,264468587;0,459;211;711;4,461061568;255,6;-0,499788911
389,9531999;0,258345061;0,459;212;712;4,467344753;255,96;-0,500585324
390,5016573;0,252205543;0,459;213;713;4,473627939;256,32;-0,501361974
391,0501146;0,246050033;0,459;214;714;4,479911124;256,68;-0,502118832
391,598572;0,239878535;0,459;215;715;4,486194309;257,04;-0,502855866
392,1470294;0,233691049;0,459;216;716;4,492477495;257,4;-0,503573049
392,6954868;0,227487577;0,459;217;717;4,49876068;257,76;-0,504270352
393,2439442;0,221268122;0,459;218;718;4,505043865;258,12;-0,504947747
393,7924016;0,215032684;0,459;219;719;4,511327051;258,48;-0,505605207
394,3408589;0,208781266;0,459;220;720;4,517610236;258,84;-0,506242707
394,8893163;0,20251387;0,459;221;721;4,523893421;259,2;-0,506860221
395,4377737;0,196230496;0,459;222;722;4,530176606;259,56;-0,507457726
395,9862311;0,189931148;0,459;223;723;4,536459792;259,92;-0,508035197
396,5346885;0,183615826;0,459;224;724;4,542742977;260,28;-0,508592611
397,0831459;0,177284533;0,459;225;725;4,549026162;260,64;-0,509129947
397,6316032;0,17093727;0,459;226;726;4,555309348;261;-0,509647184
398,1800606;0,164574039;0,459;227;727;4,561592533;261,36;-0,5101443
398,728518;0,158194842;0,459;228;728;4,567875718;261,72;-0,510621277
399,2769754;0,15179968;0,459;229;729;4,574158904;262,08;-0,511078096
399,8254328;0,145388555;0,459;230;730;4,580442089;262,44;-0,511514738
400,3738902;0,138945117;0,459;231;731;4,586725274;262,8;-0,511931186
400,9223475;0,132136983;0,459;232;732;4,59300846;263,16;-0,512327424
401,4708049;0,125326648;0,459;233;733;4,599291645;263,52;-0,512703436
402,0192623;0,118514112;0,459;234;734;4,60557483;263,88;-0,513059208
402,5677197;0,111699377;0,459;235;735;4,611858015;264,24;-0,513394725
403,1161771;0,104831262;0,459;236;736;4,618141201;264,6;-0,513709974
403,6646345;0,097864046;0,459;237;737;4,624424386;264,96;-0,514004942
404,2130918;0,090894183;0,459;238;738;4,630707571;265,32;-0,514279619
404,7615492;0,083901181;0,459;239;739;4,636990757;265,68;-0,514533993
405,3100066;0,07690123;0,459;240;740;4,643273942;266,04;-0,514768053
405,858464;0,069902001;0,459;241;741;4,649557127;266,4;-0,514981792
406,4069214;0,062903492;0,459;242;742;4,655840313;266,76;-0,5151752
406,9553788;0,055905705;0,459;243;743;4,662123498;267,12;-0,51534827
407,5038361;0,048908639;0,459;244;744;4,668406683;267,48;-0,515500994
408,0522935;0,041912294;0,459;245;745;4,674689869;267,84;-0,515633368
408,6007509;0,03491667;0,459;246;746;4,680973054;268,2;-0,515745385
409,1492083;0,027921766;0,459;247;747;4,687256239;268,56;-0,515837042
409,6976657;0,020910008;0,459;248;748;4,693539424;268,92;-0,515908334
410,2461231;0,013891376;0,459;249;749;4,69982261;269,28;-0,515959259
410,7945805;0,006875962;0,459;250;750;4,706105795;269,64;-0,515989815
411,3430378;-0,000136232;-0,459;1;751;4,71238898;270;-0,516
411,8914952;-0,007138895;-0,459;2;752;4,718672166;270,36;-0,515989815
412,4399526;-0,014108244;-0,459;3;753;4,724955351;270,72;-0,515959259
412,98841;-0,021077636;-0,459;4;754;4,731238536;271,08;-0,515908334
413,5368674;-0,028047073;-0,459;5;755;4,737521722;271,44;-0,515837042
414,0853248;-0,035016554;-0,459;6;756;4,743804907;271,8;-0,515745385
414,6337821;-0,041986081;-0,459;7;757;4,750088092;272,16;-0,515633368
415,1822395;-0,048955654;-0,459;8;758;4,756371278;272,52;-0,515500994
415,7306969;-0,055925273;-0,459;9;759;4,762654463;272,88;-0,51534827
416,2791543;-0,062894939;-0,459;10;760;4,768937648;273,24;-0,5151752
416,8276117;-0,069864653;-0,459;11;761;4,775220833;273,6;-0,514981792
417,3760691;-0,076834414;-0,459;12;762;4,781504019;273,96;-0,514768053
417,9245264;-0,083804225;-0,459;13;763;4,787787204;274,32;-0,514533993
418,4729838;-0,090774084;-0,459;14;764;4,794070389;274,68;-0,514279619
419,0214412;-0,097743993;-0,459;15;765;4,800353575;275,04;-0,514004942
419,5698986;-0,104713953;-0,459;16;766;4,80663676;275,4;-0,513709974
420,118356;-0,111683963;-0,459;17;767;4,812919945;275,76;-0,513394725
420,6668134;-0,118654024;-0,459;18;768;4,819203131;276,12;-0,513059208
421,2152707;-0,125609671;-0,459;19;769;4,825486316;276,48;-0,512703436
421,7637281;-0,132550642;-0,459;20;770;4,831769501;276,84;-0,512327424
422,3121855;-0,139510329;-0,459;21;771;4,838052687;277,2;-0,511931186
422,8606429;-0,146491772;-0,459;22;772;4,844335872;277,56;-0,511514738
423,4091003;-0,153470683;-0,459;23;773;4,850619057;277,92;-0,511078096
423,9575577;-0,160447058;-0,459;24;774;4,856902242;278,28;-0,510621277
424,506015;-0,167420896;-0,459;25;775;4,863185428;278,64;-0,5101443
425,0544724;-0,174392194;-0,459;26;776;4,869468613;279;-0,509647184
425,6029298;-0,18136095;-0,459;27;777;4,875751798;279,36;-0,509129947
426,1513872;-0,188327162;-0,459;28;778;4,882034984;279,72;-0,508592611
426,6998446;-0,195290826;-0,459;29;779;4,888318169;280,08;-0,508035197
427,248302;-0,201901716;-0,459;30;780;4,894601354;280,44;-0,507457726
427,7967593;-0,208317928;-0,459;31;781;4,90088454;280,8;-0,506860221
428,3452167;-0,214707319;-0,459;32;782;4,907167725;281,16;-0,506242707
428,8936741;-0,221069889;-0,459;33;783;4,91345091;281,52;-0,505605207
429,4421315;-0,227405639;-0,459;34;784;4,919734096;281,88;-0,504947747
429,9905889;-0,23371457;-0,459;35;785;4,926017281;282,24;-0,504270352
430,5390463;-0,239996681;-0,459;36;786;4,932300466;282,6;-0,503573049
431,0875037;-0,246251974;-0,459;37;787;4,938583651;282,96;-0,502855866
431,635961;-0,252367024;-0,459;38;788;4,944866837;283,32;-0,502118832
432,1844184;-0,258369553;-0,459;39;789;4,951150022;283,68;-0,501361974
432,7328758;-0,26433476;-0,459;40;790;4,957433207;284,04;-0,500585324
433,2813332;-0,270053452;-0,459;41;791;4,963716393;284,4;-0,499788911
433,8297906;-0,275566726;-0,459;42;792;4,969999578;284,76;-0,498972768
434,378248;-0,28107216;-0,459;43;793;4,976282763;285,12;-0,498136926
434,9267053;-0,286569748;-0,459;44;794;4,982565949;285,48;-0,497281418
435,4751627;-0,292059485;-0,459;45;795;4,988849134;285,84;-0,496406279
436,0236201;-0,297541366;-0,459;46;796;4,995132319;286,2;-0,495511542
436,5720775;-0,303015385;-0,459;47;797;5,001415505;286,56;-0,494597243
437,1205349;-0,307570008;-0,459;48;798;5,00769869;286,92;-0,493663419
437,6689923;-0,312656584;-0,459;49;799;5,013981875;287,28;-0,492710105
438,2174496;-0,317669797;-0,459;50;800;5,02026506;287,64;-0,49173734
438,765907;-0,322609645;-0,459;51;801;5,026548246;288;-0,490745162
439,3143644;-0,327476125;-0,459;52;802;5,032831431;288,36;-0,489733611
439,8628218;-0,332269235;-0,459;53;803;5,039114616;288,72;-0,488702725
440,4112792;-0,336988973;-0,459;54;804;5,045397802;289,08;-0,487652547
440,9597366;-0,341635337;-0,459;55;805;5,051680987;289,44;-0,486583117
441,5081939;-0,346208324;-0,459;56;806;5,057964172;289,8;-0,485494477
442,0566513;-0,350707932;-0,459;57;807;5,064247358;290,16;-0,484386671
442,6051087;-0,355134158;-0,459;58;808;5,070530543;290,52;-0,483259742
443,1535661;-0,359487001;-0,459;59;809;5,076813728;290,88;-0,482113734
443,7020235;-0,363766458;-0,459;60;810;5,083096914;291,24;-0,480948694
444,2504809;-0,367972527;-0,459;61;811;5,089380099;291,6;-0,479764667
444,7989382;-0,372105206;-0,459;62;812;5,095663284;291,96;-0,478561699
445,3473956;-0,376164492;-0,459;63;813;5,101946469;292,32;-0,477339839
445,895853;-0,379951974;-0,459;64;814;5,108229655;292,68;-0,476099134
446,4443104;-0,38358091;-0,459;65;815;5,11451284;293,04;-0,474839633
446,9927678;-0,387132868;-0,459;66;816;5,120796025;293,4;-0,473561387
447,5412252;-0,390607847;-0,459;67;817;5,127079211;293,76;-0,472264445
448,0896825;-0,394005847;-0,459;68;818;5,133362396;294,12;-0,470948859
448,6381399;-0,397165452;-0,459;69;819;5,139645581;294,48;-0,469614681
449,1865973;-0,400270188;-0,459;70;820;5,145928767;294,84;-0,468261963
449,7350547;-0,403374525;-0,459;71;821;5,152211952;295,2;-0,466890759
450,2835121;-0,406478437;-0,459;72;822;5,158495137;295,56;-0,465501123
450,8319695;-0,409581902;-0,459;73;823;5,164778323;295,92;-0,46409311
451,3804269;-0,412684896;-0,459;74;824;5,171061508;296,28;-0,462666775
451,9288842;-0,415692142;-0,459;75;825;5,177344693;296,64;-0,461222175
452,4773416;-0,418561313;-0,459;76;826;5,183627878;297;-0,459759366
453,025799;-0,421388758;-0,459;77;827;5,189911064;297,36;-0,458278408
453,5742564;-0,424174475;-0,459;78;828;5,196194249;297,72;-0,456779357
454,1227138;-0,426918456;-0,459;79;829;5,202477434;298,08;-0,455262273
454,6711712;-0,429620697;-0,459;80;830;5,20876062;298,44;-0,453727216
455,2196285;-0,432281193;-0,459;81;831;5,215043805;298,8;-0,452174247
455,7680859;-0,434899938;-0,459;82;832;5,22132699;299,16;-0,450603427
456,3165433;-0,437476928;-0,459;83;833;5,227610176;299,52;-0,449014817
456,8650007;-0,439545378;-0,459;84;834;5,233893361;299,88;-0,447408482
457,4134581;-0,44083251;-0,459;85;835;5,240176546;300,24;-0,445784483
457,9619155;-0,442098618;-0,459;86;836;5,246459731;300,6;-0,444142886
458,5103728;-0,443343702;-0,459;87;837;5,252742917;300,96;-0,442483755
459,0588302;-0,444567762;-0,459;88;838;5,259026102;301,32;-0,440807155
459,6072876;-0,445770794;-0,459;89;839;5,265309287;301,68;-0,439113153
460,155745;-0,4469528;-0,459;90;840;5,271592473;302,04;-0,437401815
460,7042024;-0,448235449;-0,459;91;841;5,277875658;302,4;-0,43567321
461,2526598;-0,44955198;-0,459;92;842;5,284158843;302,76;-0,433927404
461,8011171;-0,45085047;-0,459;93;843;5,290442029;303,12;-0,432164469
462,3495745;-0,452130917;-0,459;94;844;5,296725214;303,48;-0,430384472
462,8980319;-0,453393316;-0,459;95;845;5,303008399;303,84;-0,428587484
463,4464893;-0,454637661;-0,459;96;846;5,309291585;304,2;-0,426773576
463,9949467;-0,455863949;-0,459;97;847;5,31557477;304,56;-0,42494282
464,5434041;-0,457072174;-0,459;98;848;5,321857955;304,92;-0,423095288
465,0918614;-0,458262331;-0,459;99;849;5,32814114;305,28;-0,421231053
465,6403188;-0,459434417;-0,459;100;850;5,334424326;305,64;-0,419350189
466,1887762;-0,460588427;-0,459;101;851;5,340707511;306;-0,417452769
466,7372336;-0,461724355;-0,459;102;852;5,346990696;306,36;-0,415538869
467,285691;-0,462842198;-0,459;103;853;5,353273882;306,72;-0,413608564
467,8341484;-0,46394195;-0,459;104;854;5,359557067;307,08;-0,411661931
468,3826057;-0,465023608;-0,459;105;855;5,365840252;307,44;-0,409699046
468,9310631;-0,466087165;-0,459;106;856;5,372123438;307,8;-0,407719986
469,4795205;-0,467132618;-0,459;107;857;5,378406623;308,16;-0,405724831
470,0279779;-0,468159962;-0,459;108;858;5,384689808;308,52;-0,403713658
470,5764353;-0,469169193;-0,459;109;859;5,390972994;308,88;-0,401686548
471,1248927;-0,470160305;-0,459;110;860;5,397256179;309,24;-0,399643579
471,6733501;-0,470983473;-0,459;111;861;5,403539364;309,6;-0,397584833
472,2218074;-0,471462642;-0,459;112;862;5,409822549;309,96;-0,395510392
472,7702648;-0,471907048;-0,459;113;863;5,416105735;310,32;-0,393420336
473,3187222;-0,472316688;-0,459;114;864;5,42238892;310,68;-0,391314748
473,8671796;-0,472691559;-0,459;115;865;5,428672105;311,04;-0,389193712
474,415637;-0,473031656;-0,459;116;866;5,434955291;311,4;-0,387057312
474,9640944;-0,473336977;-0,459;117;867;5,441238476;311,76;-0,384905631
475,5125517;-0,473607518;-0,459;118;868;5,447521661;312,12;-0,382738755
476,0610091;-0,473843275;-0,459;119;869;5,453804847;312,48;-0,380556769
476,6094665;-0,474044245;-0,459;120;870;5,460088032;312,84;-0,378359759
477,1579239;-0,474210424;-0,459;121;871;5,466371217;313,2;-0,376147812
477,7063813;-0,473554054;-0,459;122;872;5,472654403;313,56;-0,373921015
478,2548387;-0,473507419;-0,459;123;873;5,478937588;313,92;-0,371679457
478,803296;-0,473436826;-0,459;124;874;5,485220773;314,28;-0,369423225
479,3517534;-0,473342271;-0,459;125;875;5,491503958;314,64;-0,367152409
479,9002108;-0,473223753;-0,459;126;876;5,497787144;315;-0,364867099
480,4486682;-0,473081271;-0,459;127;877;5,504070329;315,36;-0,362567384
480,9971256;-0,472914821;-0,459;128;878;5,510353514;315,72;-0,360253356
481,545583;-0,472724404;-0,459;129;879;5,5166367;316,08;-0,357925106
482,0940403;-0,472510016;-0,459;130;880;5,522919885;316,44;-0,355582725
482,6424977;-0,472333244;-0,459;131;881;5,52920307;316,8;-0,353226307
483,1909551;-0,472137311;-0,459;132;882;5,535486256;317,16;-0,350855943
483,7394125;-0,471920402;-0,459;133;883;5,541769441;317,52;-0,348471729
484,2878699;-0,471682515;-0,459;134;884;5,548052626;317,88;-0,346073757
484,8363273;-0,471423652;-0,459;135;885;5,554335812;318,24;-0,343662124
485,3847846;-0,47114381;-0,459;136;886;5,560618997;318,6;-0,341236923
485,933242;-0,470842991;-0,459;137;887;5,566902182;318,96;-0,33879825
486,4816994;-0,470521194;-0,459;138;888;5,573185367;319,32;-0,336346202
487,0301568;-0,470178419;-0,459;139;889;5,579468553;319,68;-0,333880876
487,5786142;-0,469814666;-0,459;140;890;5,585751738;320,04;-0,331402369
488,1270716;-0,469429936;-0,459;141;891;5,592034923;320,4;-0,328910779
488,6755289;-0,469024226;-0,459;142;892;5,598318109;320,76;-0,326406204
489,2239863;-0,468597539;-0,459;143;893;5,604601294;321,12;-0,323888742
489,7724437;-0,468149873;-0,459;144;894;5,610884479;321,48;-0,321358495
490,3209011;-0,467681228;-0,459;145;895;5,617167665;321,84;-0,31881556
490,8693585;-0,467191605;-0,459;146;896;5,62345085;322,2;-0,31626004
491,4178159;-0,466482371;-0,459;147;897;5,629734035;322,56;-0,313692034
491,9662732;-0,465431423;-0,459;148;898;5,636017221;322,92;-0,311111644
492,5147306;-0,464350636;-0,459;149;899;5,642300406;323,28;-0,308518971
493,063188;-0,463240399;-0,459;150;900;5,648583591;323,64;-0,305914119
493,6116454;-0,462100708;-0,459;151;901;5,654866776;324;-0,30329719
494,1601028;-0,460931563;-0,459;152;902;5,661149962;324,36;-0,300668288
494,7085602;-0,459732959;-0,459;153;903;5,667433147;324,72;-0,298027515
495,2570176;-0,458504895;-0,459;154;904;5,673716332;325,08;-0,295374977
495,8054749;-0,457084935;-0,459;155;905;5,679999518;325,44;-0,292710778
496,3539323;-0,455636702;-0,459;156;906;5,686282703;325,8;-0,290035023
496,9023897;-0,454160253;-0,459;157;907;5,692565888;326,16;-0,287347818
497,4508471;-0,452655588;-0,459;158;908;5,698849074;326,52;-0,284649269
497,9993045;-0,451122707;-0,459;159;909;5,705132259;326,88;-0,281939483
498,5477619;-0,449561609;-0,459;160;910;5,711415444;327,24;-0,279218566
499,0962192;-0,447972295;-0,459;161;911;5,71769863;327,6;-0,276486626
499,6446766;-0,446354763;-0,459;162;912;5,723981815;327,96;-0,273743771
500,193134;-0,444709014;-0,459;163;913;5,730265;328,32;-0,270990109
500,7415914;-0,443035048;-0,459;164;914;5,736548185;328,68;-0,268225749
501,2900488;-0,441332864;-0,459;165;915;5,742831371;329,04;-0,265450799
501,8385062;-0,439602462;-0,459;166;916;5,749114556;329,4;-0,262665371
502,3869635;-0,437843842;-0,459;167;917;5,755397741;329,76;-0,259869572
502,9354209;-0,436057003;-0,459;168;918;5,761680927;330,12;-0,257063514
503,4838783;-0,434241946;-0,459;169;919;5,767964112;330,48;-0,254247308
504,0323357;-0,43239867;-0,459;170;920;5,774247297;330,84;-0,251421065
504,5807931;-0,430307755;-0,459;171;921;5,780530483;331,2;-0,248584896
505,1292505;-0,427635197;-0,459;172;922;5,786813668;331,56;-0,245738913
505,6777078;-0,42494177;-0,459;173;923;5,793096853;331,92;-0,242883229
506,2261652;-0,422227472;-0,459;174;924;5,799380039;332,28;-0,240017956
506,7746226;-0,419492301;-0,459;175;925;5,805663224;332,64;-0,237143208
507,32308;-0,416736253;-0,459;176;926;5,811946409;333;-0,234259098
507,8715374;-0,413959325;-0,459;177;927;5,818229594;333,36;-0,23136574
508,4199948;-0,411161515;-0,459;178;928;5,82451278;333,72;-0,228463247
508,9684521;-0,408342821;-0,459;179;929;5,830795965;334,08;-0,225551736
509,5169095;-0,405503239;-0,459;180;930;5,83707915;334,44;-0,22263132
510,0653669;-0,402642767;-0,459;181;931;5,843362336;334,8;-0,219702114
510,6138243;-0,399733905;-0,459;182;932;5,849645521;335,16;-0,216764236
511,1622817;-0,396750318;-0,459;183;933;5,855928706;335,52;-0,2138178
511,7107391;-0,393729876;-0,459;184;934;5,862211892;335,88;-0,210862923
512,2591964;-0,390672573;-0,459;185;935;5,868495077;336,24;-0,207899721
512,8076538;-0,387578407;-0,459;186;936;5,874778262;336,6;-0,204928312
513,3561112;-0,384447374;-0,459;187;937;5,881061448;336,96;-0,201948812
513,9045686;-0,380928147;-0,459;188;938;5,887344633;337,32;-0,19896134
514,453026;-0,37663589;-0,459;189;939;5,893627818;337,68;-0,195966013
515,0014834;-0,372313614;-0,459;190;940;5,899911003;338,04;-0,19296295
515,5499408;-0,367961321;-0,459;191;941;5,906194189;338,4;-0,189952269
516,0983981;-0,363579011;-0,459;192;942;5,912477374;338,76;-0,186934089
516,6468555;-0,359166688;-0,459;193;943;5,918760559;339,12;-0,183908529
517,1953129;-0,354724352;-0,459;194;944;5,925043745;339,48;-0,180875709
517,7437703;-0,350252006;-0,459;195;945;5,93132693;339,84;-0,177835748
518,2922277;-0,345749652;-0,459;196;946;5,937610115;340,2;-0,174788767
518,8406851;-0,341217291;-0,459;197;947;5,943893301;340,56;-0,171734885
519,3891424;-0,336654926;-0,459;198;948;5,950176486;340,92;-0,168674223
519,9375998;-0,332062558;-0,459;199;949;5,956459671;341,28;-0,165606903
520,4860572;-0,327440189;-0,459;200;950;5,962742857;341,64;-0,162533044
521,0345146;-0,322787821;-0,459;201;951;5,969026042;342;-0,159452769
521,582972;-0,31809861;-0,459;202;952;5,975309227;342,36;-0,156366199
522,1314294;-0,313393113;-0,459;203;953;5,981592412;342,72;-0,153273456
522,6798867;-0,308598134;-0,459;204;954;5,987875598;343,08;-0,150174662
523,2283441;-0,303116064;-0,459;205;955;5,994158783;343,44;-0,147069939
523,7768015;-0,29731184;-0,459;206;956;6,000441968;343,8;-0,143959411
524,3252589;-0,291477347;-0,459;207;957;6,006725154;344,16;-0,140843199
524,8737163;-0,285621682;-0,459;208;958;6,013008339;344,52;-0,137721426
525,4221737;-0,279733159;-0,459;209;959;6,019291524;344,88;-0,134594217
525,970631;-0,273811776;-0,459;210;960;6,02557471;345,24;-0,131461694
526,5190884;-0,267857531;-0,459;211;961;6,031857895;345,6;-0,128323982
527,0675458;-0,261870421;-0,459;212;962;6,03814108;345,96;-0,125181203
527,6160032;-0,255850446;-0,459;213;963;6,044424266;346,32;-0,122033482
528,1644606;-0,249797603;-0,459;214;964;6,050707451;346,68;-0,118880944
528,712918;-0,243711891;-0,459;215;965;6,056990636;347,04;-0,115723713
529,2613753;-0,237593308;-0,459;216;966;6,063273821;347,4;-0,112561913
529,8098327;-0,231441852;-0,459;217;967;6,069557007;347,76;-0,109395669
530,3582901;-0,225257521;-0,459;218;968;6,075840192;348,12;-0,106225106
530,9067475;-0,219040313;-0,459;219;969;6,082123377;348,48;-0,10305035
531,4552049;-0,212790228;-0,459;220;970;6,088406563;348,84;-0,099871526
532,0036623;-0,206507262;-0,459;221;971;6,094689748;349,2;-0,096688758
532,5521196;-0,200191414;-0,459;222;972;6,100972933;349,56;-0,093502174
533,100577;-0,193636106;-0,459;223;973;6,107256119;349,92;-0,090311898
533,6490344;-0,18678828;-0,459;224;974;6,113539304;350,28;-0,087118057
534,1974918;-0,179935375;-0,459;225;975;6,119822489;350,64;-0,083920777
534,7459492;-0,173077392;-0,459;226;976;6,126105675;351;-0,080720184
535,2944066;-0,166214332;-0,459;227;977;6,13238886;351,36;-0,077516404
535,842864;-0,159346198;-0,459;228;978;6,138672045;351,72;-0,074309564
536,3913213;-0,152472992;-0,459;229;979;6,14495523;352,08;-0,07109979
536,9397787;-0,145594715;-0,459;230;980;6,151238416;352,44;-0,067887209
537,4882361;-0,138711368;-0,459;231;981;6,157521601;352,8;-0,064671949
538,0366935;-0,131822955;-0,459;232;982;6,163804786;353,16;-0,061454135
538,5851509;-0,124929476;-0,459;233;983;6,170087972;353,52;-0,058233895
539,1336083;-0,118030933;-0,459;234;984;6,176371157;353,88;-0,055011356
539,6820656;-0,111127328;-0,459;235;985;6,182654342;354,24;-0,051786645
540,230523;-0,104218663;-0,459;236;986;6,188937528;354,6;-0,04855989
540,7789804;-0,097356189;-0,459;237;987;6,195220713;354,96;-0,045331217
541,3274378;-0,090490725;-0,459;238;988;6,201503898;355,32;-0,042100756
541,8758952;-0,083610757;-0,459;239;989;6,207787083;355,68;-0,038868632
542,4243526;-0,076662339;-0,459;240;990;6,214070269;356,04;-0,035634973
542,9728099;-0,069663502;-0,459;241;991;6,220353454;356,4;-0,032399908
543,5212673;-0,062669563;-0,459;242;992;6,226636639;356,76;-0,029163564
544,0697247;-0,055680519;-0,459;243;993;6,232919825;357,12;-0,025926068
544,6181821;-0,048697376;-0,459;244;994;6,23920301;357,48;-0,022687549
545,1666395;-0,04173752;-0,459;245;995;6,245486195;357,84;-0,019448134
545,7150969;-0,034770977;-0,459;246;996;6,251769381;358,2;-0,016207952
546,2635542;-0,027797746;-0,459;247;997;6,258052566;358,56;-0,012967129
546,8120116;-0,020817828;-0,459;248;998;6,264335751;358,92;-0,009725795
547,360469;-0,01383122;-0,459;249;999;6,270618937;359,28;-0,006484077
547,9089264;-0,006955999;-0,459;250;1000;6,276902122;359,64;-0,003242102
548,4573838;-4,29E-05;-0,459;251;1001;6,283185307;360;-1,26435E-16
