"Distance [mm],""Bz []""";;;;
0;;;;
0.19373154697137,;;;;
0.387463093942741,;;;;
0.581194640914111,;;;;
0.774926187885482,;;;;
0.968657734856852,;;;;
116.238.928.182.822,00;;;;
135.612.082.879.959,00;;;;
154.985.237.577.096,00;;;;
174.358.392.274.233,00;;;;
19.373.154.697.137,00;;;;
213.104.701.668.507,00;;;;
232.477.856.365.644,00;;;;
251.851.011.062.782,00;;;;
271.224.165.759.919,00;;;;
290.597.320.457.056,00;;;;
309.970.475.154.193,00;;;;
32.934.362.985.133,00;;;;
348.716.784.548.467,00;;;;
368.089.939.245.604,00;;;;
387.463.093.942.741,00;;;;
406.836.248.639.878,00;;;;
426.209.403.337.015,00;;;;
445.582.558.034.152,00;;;;
464.955.712.731.289,00;;;;
484.328.867.428.426,00;;;;
503.702.022.125.563,00;;;;
5.230.751.768.227,00;;;;
542.448.331.519.837,00;;;;
561.821.486.216.974,00;;;;
581.194.640.914.111,00;;;;
600.567.795.611.248,00;;;;
619.940.950.308.385,00;;;;
639.314.105.005.522,00;;;;
658.687.259.702.659,00;;;;
678.060.414.399.796,00;;;;
697.433.569.096.933,00;;;;
716.806.723.794.071,00;;;;
736.179.878.491.208,00;;;;
755.553.033.188.345,00;;;;
774.926.187.885.482,00;;;;
794.299.342.582.619,00;;;;
813.672.497.279.756,00;;;;
833.045.651.976.893,00;;;;
85.241.880.667.403,00;;;;
871.791.961.371.167,00;;;;
891.165.116.068.304,00;;;;
910.538.270.765.441,00;;;;
929.911.425.462.578,00;;;;
949.284.580.159.715,00;;;;
968.657.734.856.852,00;;;;
988.030.889.553.989,00;;;;
100.740.404.425.113,00;;;;
10,26777199;-0,002121168;0,57;1;0,008856922
10,46150354;0,003482527;0,57;2;0,017712301
10,65523508;0,013377257;0,57;3;0,026564594
10,84896663;0,023303286;0,57;4;0,035412258
11,04269818;0,033260598;0,57;5;0,044253752
11,23642972;0,043249175;0,57;6;0,053087536
11,43016127;0,053269;0,57;7;0,061912069
11,62389282;0,063320056;0,57;8;0,070725816
11,81762437;0,073402326;0,57;9;0,079527239
12,01135591;0,083515793;0,57;10;0,088314806
12,20508746;0,09366044;0,57;11;0,097086985
12,39881901;0,103845647;0,57;12;0,105842248
12,59255055;0,11413702;0,57;13;0,114579069
12,7862821;0,124478283;0,57;14;0,123295926
12,98001365;0,134869409;0,57;15;0,131991301
13,17374519;0,145310368;0,57;16;0,140663678
13,36747674;0,155801132;0,57;17;0,149311547
13,56120829;0,166341673;0,57;18;0,157933399
13,75493983;0,176931963;0,57;19;0,166527734
13,94867138;0,187571973;0,57;20;0,175093054
14,14240293;0,198261674;0,57;21;0,183627866
14,33613448;0,209001039;0,57;22;0,192130684
14,52986602;0,219790039;0,57;23;0,200600025
14,72359757;0,230628645;0,57;24;0,209034414
14,91732912;0,24151683;0,57;25;0,217432382
15,11106066;0,252454563;0,57;26;0,225792465
15,30479221;0,263441817;0,57;27;0,234113207
15,49852376;0,274478564;0,57;28;0,242393158
15,6922553;0,285564774;0,57;29;0,250630875
15,88598685;0,299093897;0,57;30;0,258824923
16,0797184;0,31509661;0,57;31;0,266973874
16,27344995;0,32746581;0,57;32;0,275076309
16,46718149;0,337054855;0,57;33;0,283130815
16,66091304;0,346125745;0,57;34;0,291135989
16,85464459;0,355920802;0,57;35;0,299090437
17,04837613;0,365492458;0,57;36;0,306992772
17,24210768;0,374840636;0,57;37;0,314841618
17,43583923;0,383965262;0,57;38;0,322635607
17,62957077;0,392866259;0,57;39;0,330373381
17,82330232;0,401543554;0,57;40;0,338053592
18,01703387;0,40999707;0,57;41;0,345674901
18,21076542;0,418226733;0,57;42;0,353235981
18,40449696;0,426232468;0,57;43;0,360735515
18,59822851;0,433697859;0,57;44;0,368172195
18,79196006;0,440896907;0,57;45;0,375544726
18,9856916;0,448015912;0,57;46;0,382851824
19,17942315;0,455054868;0,57;47;0,390092214
19,3731547;0,462013769;0,57;48;0,397264637
19,56688624;0,468892611;0,57;49;0,404367841
19,76061779;0,475691386;0,57;50;0,41140059
19,95434934;0,482410089;0,57;51;0,418361657
20,14808089;0,489048715;0,57;52;0,425249831
20,34181243;0,495607258;0,57;53;0,43206391
20,53554398;0,502085713;0,57;54;0,438802708
20,72927553;0,508484073;0,57;55;0,445465051
20,92300707;0,514802334;0,57;56;0,452049777
21,11673862;0,521040489;0,57;57;0,458555739
21,31047017;0,527198533;0,57;58;0,464981805
21,50420171;0,533276462;0,57;59;0,471326853
21,69793326;0,539274268;0,57;60;0,477589779
21,89166481;0,545191947;0,57;61;0,483769492
22,08539635;0,550627448;0,57;62;0,489864914
22,2791279;0,553704845;0,57;63;0,495874983
22,47285945;0,556811264;0,57;64;0,501798653
22,666591;0,559946683;0,57;65;0,507634892
22,86032254;0,563111079;0,57;66;0,513382681
23,05405409;0,566304431;0,57;67;0,519041021
23,24778564;0,569526715;0,57;68;0,524608925
23,44151718;0,572777909;0,57;69;0,530085422
23,63524873;0,576057991;0,57;70;0,53546956
23,82898028;0,579366938;0,57;71;0,540760398
24,02271182;0,582704729;0,57;72;0,545957017
24,21644337;0,585502575;0,57;73;0,55105851
24,41017492;0,588198294;0,57;74;0,556063988
24,60390647;0,590858603;0,57;75;0,560972579
24,79763801;0,593483498;0,57;76;0,565783429
24,99136956;0,596072975;0,57;77;0,570495698
25,18510111;0,598627032;0,57;78;0,575108566
25,37883265;0,601145663;0,57;79;0,579621229
25,5725642;0,603628865;0,57;80;0,584032901
25,76629575;0,605918041;0,57;81;0,588342813
25,96002729;0,607776545;0,57;82;0,592550214
26,15375884;0,609597097;0,57;83;0,596654371
26,34749039;0,611379698;0,57;84;0,600654568
26,54122194;0,613124348;0,57;85;0,60455011
26,73495348;0,614831046;0,57;86;0,608340317
26,92868503;0,616499793;0,57;87;0,612024529
27,12241658;0,618130588;0,57;88;0,615602104
27,31614812;0,619723432;0,57;89;0,619072418
27,50987967;0,621278324;0,57;90;0,622434868
27,70361122;0,622795265;0,57;91;0,625688866
27,89734276;0,624274254;0,57;92;0,628833846
28,09107431;0,625715292;0,57;93;0,631869261
28,28480586;0,62725822;0,57;94;0,63479458
28,4785374;0,628822221;0,57;95;0,637609295
28,67226895;0,630363412;0,57;96;0,640312916
28,8660005;0,631881791;0,57;97;0,64290497
29,05973205;0,633377353;0,57;98;0,645385007
29,25346359;0,634850093;0,57;99;0,647752593
29,44719514;0,636300008;0,57;100;0,650007318
29,64092669;0,637727094;0,57;101;0,652148788
29,83465823;0,639131347;0,57;102;0,654176629
30,02838978;0,640512761;0,57;103;0,656090489
30,22212133;0,641871335;0,57;104;0,657890034
30,41585287;0,643207062;0,57;105;0,65957495
30,60958442;0,644519939;0,57;106;0,661144944
30,80331597;0,645809963;0,57;107;0,662599742
30,99704752;0,647077128;0,57;108;0,663939092
31,19077906;0,648321432;0,57;109;0,665162758
31,38451061;0,649542869;0,57;110;0,666270529
31,57824216;0,650741437;0,57;111;0,667262212
31,7719737;0,65191713;0,57;112;0,668137632
31,96570525;0,653069945;0,57;113;0,668896639
32,1594368;0,654199877;0,57;114;0,669539099
32,35316834;0,655306924;0,57;115;0,670064901
32,54689989;0,65639108;0,57;116;0,670473954
32,74063144;0,656463291;0,57;117;0,670766185
32,93436299;0,656386061;0,57;118;0,670941544
33,12809453;0,656378285;0,57;119;0,671
33,32182608;0,656439959;0,57;120;0,670941544
33,51555763;0,656571078;0,57;121;0,670766185
33,70928917;0,656771635;0,57;122;0,670473954
33,90302072;0,657041625;0,57;123;0,670064901
34,09675227;0,656564445;0,57;124;0,669539099
34,29048381;0,655676362;0,57;125;0,668896639
34,48421536;0,654730825;0,57;126;0,668137632
34,67794691;0,653727834;0,57;127;0,667262212
34,87167845;0,652667388;0,57;128;0,666270529
35,06541;0,651549487;0,57;129;0,665162758
35,25914155;0,650374133;0,57;130;0,663939092
35,4528731;0,649141325;0,57;131;0,662599742
35,64660464;0,647851064;0,57;132;0,661144944
35,84033619;0,64650335;0,57;133;0,65957495
36,03406774;0,645098182;0,57;134;0,657890034
36,22779928;0,643635562;0,57;135;0,656090489
36,42153083;0,64211549;0,57;136;0,654176629
36,61526238;0,640537966;0,57;137;0,652148788
36,80899392;0,638902991;0,57;138;0,650007318
37,00272547;0,637210564;0,57;139;0,647752593
37,19645702;0,635460687;0,57;140;0,645385007
37,39018857;0,633653359;0,57;141;0,64290497
37,58392011;0,631788581;0,57;142;0,640312916
37,77765166;0,629866354;0,57;143;0,637609295
37,97138321;0,627886678;0,57;144;0,63479458
38,16511475;0,625789481;0,57;145;0,631869261
38,3588463;0,623278009;0,57;146;0,628833846
38,55257785;0,620732866;0,57;147;0,625688866
38,74630939;0,618154035;0,57;148;0,622434868
38,94004094;0,615541495;0,57;149;0,619072418
39,13377249;0,612895227;0,57;150;0,615602104
39,32750404;0,610215212;0,57;151;0,612024529
39,52123558;0,607501431;0,57;152;0,608340317
39,71496713;0,604753864;0,57;153;0,60455011
39,90869868;0,601972492;0,57;154;0,600654568
40,10243022;0,599157295;0,57;155;0,596654371
40,29616177;0,596308255;0,57;156;0,592550214
40,48989332;0,593425351;0,57;157;0,588342813
40,68362486;0,590508566;0,57;158;0,584032901
40,87735641;0,587557879;0,57;159;0,579621229
41,07108796;0,584573271;0,57;160;0,575108566
41,2648195;0,581554723;0,57;161;0,570495698
41,45855105;0,578502217;0,57;162;0,565783429
41,6522826;0,575415732;0,57;163;0,560972579
41,84601415;0,57229525;0,57;164;0,556063988
42,03974569;0,569140751;0,57;165;0,55105851
42,23347724;0,565952216;0,57;166;0,545957017
42,42720879;0,562729627;0,57;167;0,540760398
42,62094033;0,559472964;0,57;168;0,53546956
42,81467188;0,556182208;0,57;169;0,530085422
43,00840343;0,552857339;0,57;170;0,524608925
43,20213497;0,54949834;0,57;171;0,519041021
43,39586652;0,54610519;0,57;172;0,513382681
43,58959807;0,542677872;0,57;173;0,507634892
43,78332962;0,539216365;0,57;174;0,501798653
43,97706116;0,535720651;0,57;175;0,495874983
44,17079271;0,533281977;0,57;176;0,489864914
44,36452426;0,5309087;0,57;177;0,483769492
44,5582558;0,528475588;0,57;178;0,477589779
44,75198735;0,52598265;0,57;179;0,471326853
44,9457189;0,523429897;0,57;180;0,464981805
45,13945044;0,520817338;0,57;181;0,458555739
45,33318199;0,518144983;0,57;182;0,452049777
45,52691354;0,515412841;0,57;183;0,445465051
45,72064509;0,511847258;0,57;184;0,438802708
45,91437663;0,508292786;0,57;185;0,43206391
46,10810818;0,504804237;0,57;186;0,425249831
46,30183973;0,501381599;0,57;187;0,418361657
46,49557127;0,494840782;0,57;188;0,41140059
46,68930282;0,485775223;0,57;189;0,404367841
46,88303437;0,47677889;0,57;190;0,397264637
47,07676591;0,467851769;0,57;191;0,390092214
47,27049746;0,458993845;0,57;192;0,382851824
47,46422901;0,450205105;0,57;193;0,375544726
47,65796055;0,441485535;0,57;194;0,368172195
47,8516921;0,43283512;0,57;195;0,360735515
48,04542365;0,424253848;0,57;196;0,353235981
48,2391552;0,415741702;0,57;197;0,345674901
48,43288674;0,407298671;0,57;198;0,338053592
48,62661829;0,398924738;0,57;199;0,330373381
48,82034984;0,390619891;0,57;200;0,322635607
49,01408138;0,382384115;0,57;201;0,314841618
49,20781293;0,374217397;0,57;202;0,306992772
49,40154448;0,366119721;0,57;203;0,299090437
49,59527602;0,358091074;0,57;204;0,291135989
49,78900757;0,350131442;0,57;205;0,283130815
49,98273912;0,34224081;0,57;206;0,275076309
50,17647067;0,334419164;0,57;207;0,266973874
50,37020221;0,32666649;0,57;208;0,258824923
50,56393376;0,319096204;0,57;209;0,250630875
50,75766531;0,311282245;0,57;210;0,242393158
50,95139685;0,302946751;0,57;211;0,234113207
51,1451284;0,294089374;0,57;212;0,225792465
51,33885995;0,284709768;0,57;213;0,217432382
51,53259149;0,274807587;0,57;214;0,209034414
51,72632304;0,262153889;0,57;215;0,200600025
51,92005459;0,245521931;0,57;216;0,192130684
52,11378614;0,225288641;0,57;217;0,183627866
52,30751768;0,210674496;0,57;218;0,175093054
52,50124923;0,197314808;0,57;219;0,166527734
52,69498078;0,184209207;0,57;220;0,157933399
52,88871232;0,171357525;0,57;221;0,149311547
53,08244387;0,158759594;0,57;222;0,140663678
53,27617542;0,146415247;0,57;223;0,131991301
53,46990696;0,134324317;0,57;224;0,123295926
53,66363851;0,125146203;0,57;225;0,114579069
53,85737006;0,115976891;0,57;226;0,105842248
54,05110161;0,106796627;0,57;227;0,097086985
54,24483315;0,097605426;0,57;228;0,088314806
54,4385647;0,088403301;0,57;229;0,079527239
54,63229625;0,079190267;0,57;230;0,070725816
54,82602779;0,069966339;0,57;231;0,061912069
55,01975934;0,060731532;0,57;232;0,053087536
55,21349089;0,05148586;0,57;233;0,044253752
55,40722243;0,042229338;0,57;234;0,035412258
55,60095398;0,03296198;0,57;235;0,026564594
55,79468553;0,023683802;0,57;236;0,017712301
55,98841707;0,014394816;0,57;237;0,008856922
56,18214862;0,005095039;0,57;238;8,22E-17
56,37588017;-0,004215515;-0,57;1;-0,008856922
56,56961172;-0,013536831;-0,57;2;-0,017712301
56,76334326;-0,022868896;-0,57;3;-0,026564594
56,95707481;-0,032211694;-0,57;4;-0,035412258
57,15080636;-0,041565212;-0,57;5;-0,044253752
57,3445379;-0,050929433;-0,57;6;-0,053087536
57,53826945;-0,060304344;-0,57;7;-0,061912069
57,732001;-0,06968993;-0,57;8;-0,070725816
57,92573254;-0,080594161;-0,57;9;-0,079527239
58,11946409;-0,094338776;-0,57;10;-0,088314806
58,31319564;-0,108797447;-0,57;11;-0,097086985
58,50692719;-0,123970118;-0,57;12;-0,105842248
58,70065873;-0,139856731;-0,57;13;-0,114579069
58,89439028;-0,155476268;-0,57;14;-0,123295926
59,08812183;-0,165812825;-0,57;15;-0,131991301
59,28185337;-0,176171347;-0,57;16;-0,140663678
59,47558492;-0,186551832;-0,57;17;-0,149311547
59,66931647;-0,196954278;-0,57;18;-0,157933399
59,86304801;-0,207378683;-0,57;19;-0,166527734
60,05677956;-0,217825045;-0,57;20;-0,175093054
60,25051111;-0,228293363;-0,57;21;-0,183627866
60,44424266;-0,238783634;-0,57;22;-0,192130684
60,6379742;-0,249295857;-0,57;23;-0,200600025
60,83170575;-0,259830029;-0,57;24;-0,209034414
61,0254373;-0,270647231;-0,57;25;-0,217432382
61,21916884;-0,281612389;-0,57;26;-0,225792465
61,41290039;-0,292483181;-0,57;27;-0,234113207
61,60663194;-0,303259538;-0,57;28;-0,242393158
61,80036348;-0,313941394;-0,57;29;-0,250630875
61,99409503;-0,32452868;-0,57;30;-0,258824923
62,18782658;-0,335021329;-0,57;31;-0,266973874
62,38155812;-0,345419272;-0,57;32;-0,275076309
62,57528967;-0,35617405;-0,57;33;-0,283130815
62,76902122;-0,367027721;-0,57;34;-0,291135989
62,96275277;-0,37787144;-0,57;35;-0,299090437
63,15648431;-0,38870518;-0,57;36;-0,306992772
63,35021586;-0,399528915;-0,57;37;-0,314841618
63,54394741;-0,410342619;-0,57;38;-0,322635607
63,73767895;-0,421146264;-0,57;39;-0,330373381
63,9314105;-0,430750299;-0,57;40;-0,338053592
64,12514205;-0,438746207;-0,57;41;-0,345674901
64,31887359;-0,446185402;-0,57;42;-0,353235981
64,51260514;-0,453067917;-0,57;43;-0,360735515
64,70633669;-0,459393789;-0,57;44;-0,368172195
64,90006824;-0,465163052;-0,57;45;-0,375544726
65,09379978;-0,470375742;-0,57;46;-0,382851824
65,28753133;-0,475031895;-0,57;47;-0,390092214
65,48126288;-0,479131546;-0,57;48;-0,397264637
65,67499442;-0,484794334;-0,57;49;-0,404367841
65,86872597;-0,490402685;-0,57;50;-0,41140059
66,06245752;-0,495923022;-0,57;51;-0,418361657
66,25618906;-0,501355296;-0,57;52;-0,425249831
66,44992061;-0,506699455;-0,57;53;-0,43206391
66,64365216;-0,511955451;-0,57;54;-0,438802708
66,83738371;-0,517123232;-0,57;55;-0,445465051
67,03111525;-0,522202748;-0,57;56;-0,452049777
67,2248468;-0,527193949;-0,57;57;-0,458555739
67,41857835;-0,532096786;-0,57;58;-0,464981805
67,61230989;-0,536911207;-0,57;59;-0,471326853
67,80604144;-0,541637163;-0,57;60;-0,477589779
67,99977299;-0,546274603;-0,57;61;-0,483769492
68,19350453;-0,550823478;-0,57;62;-0,489864914
68,38723608;-0,555283738;-0,57;63;-0,495874983
68,58096763;-0,559655332;-0,57;64;-0,501798653
68,77469917;-0,56393821;-0,57;65;-0,507634892
68,96843072;-0,568132323;-0,57;66;-0,513382681
69,16216227;-0,57223762;-0,57;67;-0,519041021
69,35589382;-0,576254052;-0,57;68;-0,524608925
69,54962536;-0,580181569;-0,57;69;-0,530085422
69,74335691;-0,584020121;-0,57;70;-0,53546956
69,93708846;-0,587769657;-0,57;71;-0,540760398
70,13082;-0,591430129;-0,57;72;-0,545957017
70,32455155;-0,595001487;-0,57;73;-0,55105851
70,5182831;-0,598135544;-0,57;74;-0,556063988
70,71201464;-0,600861686;-0,57;75;-0,560972579
70,90574619;-0,60280528;-0,57;76;-0,565783429
71,09947774;-0,60455874;-0,57;77;-0,570495698
71,29320929;-0,606434449;-0,57;78;-0,575108566
71,48694083;-0,608362211;-0,57;79;-0,579621229
71,68067238;-0,61034202;-0,57;80;-0,584032901
71,87440393;-0,612373872;-0,57;81;-0,588342813
72,06813547;-0,614457763;-0,57;82;-0,592550214
72,26186702;-0,61659369;-0,57;83;-0,596654371
72,45559857;-0,618090557;-0,57;84;-0,600654568
72,64933011;-0,619468692;-0,57;85;-0,60455011
72,84306166;-0,62081453;-0,57;86;-0,608340317
73,03679321;-0,622128073;-0,57;87;-0,612024529
73,23052476;-0,623409323;-0,57;88;-0,615602104
73,4242563;-0,624658281;-0,57;89;-0,619072418
73,61798785;-0,625926867;-0,57;90;-0,622434868
73,8117194;-0,627214945;-0,57;91;-0,625688866
74,00545094;-0,628468752;-0,57;92;-0,628833846
74,19918249;-0,629688289;-0,57;93;-0,631869261
74,39291404;-0,630873553;-0,57;94;-0,63479458
74,58664558;-0,632024544;-0,57;95;-0,637609295
74,78037713;-0,633141261;-0,57;96;-0,640312916
74,97410868;-0,634223703;-0,57;97;-0,64290497
75,16784022;-0,63527187;-0,57;98;-0,645385007
75,36157177;-0,63628576;-0,57;99;-0,647752593
75,55530332;-0,637265374;-0,57;100;-0,650007318
75,74903487;-0,638210709;-0,57;101;-0,652148788
75,94276641;-0,639121766;-0,57;102;-0,654176629
76,13649796;-0,639998544;-0,57;103;-0,656090489
76,33022951;-0,640841042;-0,57;104;-0,657890034
76,52396105;-0,641649258;-0,57;105;-0,65957495
76,7176926;-0,642423194;-0,57;106;-0,661144944
76,91142415;-0,643162847;-0,57;107;-0,662599742
77,10515569;-0,643868217;-0,57;108;-0,663939092
77,29888724;-0,644539304;-0,57;109;-0,665162758
77,49261879;-0,645176107;-0,57;110;-0,666270529
77,68635034;-0,645778625;-0,57;111;-0,667262212
77,88008188;-0,646346858;-0,57;112;-0,668137632
78,07381343;-0,646880805;-0,57;113;-0,668896639
78,26754498;-0,647380465;-0,57;114;-0,669539099
78,46127652;-0,647845838;-0,57;115;-0,670064901
78,65500807;-0,648276924;-0,57;116;-0,670473954
78,84873962;-0,648673721;-0,57;117;-0,670766185
79,04247116;-0,64903623;-0,57;118;-0,670941544
79,23620271;-0,64936445;-0,57;119;-0,671
79,42993426;-0,649658379;-0,57;120;-0,670941544
79,62366581;-0,649918019;-0,57;121;-0,670766185
79,81739735;-0,650143368;-0,57;122;-0,670473954
80,0111289;-0,650334426;-0,57;123;-0,670064901
80,20486045;-0,650491192;-0,57;124;-0,669539099
80,39859199;-0,650613666;-0,57;125;-0,668896639
80,59232354;-0,650701848;-0,57;126;-0,668137632
80,78605509;-0,650755737;-0,57;127;-0,667262212
80,97978663;-0,650775332;-0,57;128;-0,666270529
81,17351818;-0,650760634;-0,57;129;-0,665162758
81,36724973;-0,650594117;-0,57;130;-0,663939092
81,56098127;-0,649727362;-0,57;131;-0,662599742
81,75471282;-0,648829969;-0,57;132;-0,661144944
81,94844437;-0,647901946;-0,57;133;-0,65957495
82,14217592;-0,646943301;-0,57;134;-0,657890034
82,33590746;-0,645954043;-0,57;135;-0,656090489
82,52963901;-0,644934181;-0,57;136;-0,654176629
82,72337056;-0,643883721;-0,57;137;-0,652148788
82,9171021;-0,642802673;-0,57;138;-0,650007318
83,11083365;-0,641691045;-0,57;139;-0,647752593
83,3045652;-0,640548845;-0,57;140;-0,645385007
83,49829674;-0,639376081;-0,57;141;-0,64290497
83,69202829;-0,638172761;-0,57;142;-0,640312916
83,88575984;-0,636938895;-0,57;143;-0,637609295
84,07949139;-0,63567449;-0,57;144;-0,63479458
84,27322293;-0,634379554;-0,57;145;-0,631869261
84,46695448;-0,633054096;-0,57;146;-0,628833846
84,66068603;-0,631698125;-0,57;147;-0,625688866
84,85441757;-0,630311648;-0,57;148;-0,622434868
85,04814912;-0,628894674;-0,57;149;-0,619072418
85,24188067;-0,626922726;-0,57;150;-0,615602104
85,43561221;-0,624953356;-0,57;151;-0,612024529
85,62934376;-0,622999337;-0,57;152;-0,608340317
85,82307531;-0,621060695;-0,57;153;-0,60455011
86,01680686;-0,619137457;-0,57;154;-0,600654568
86,2105384;-0,617229648;-0,57;155;-0,596654371
86,40426995;-0,615337294;-0,57;156;-0,592550214
86,5980015;-0,613460421;-0,57;157;-0,588342813
86,79173304;-0,611599055;-0,57;158;-0,584032901
86,98546459;-0,609753222;-0,57;159;-0,579621229
87,17919614;-0,607922947;-0,57;160;-0,575108566
87,37292768;-0,606108256;-0,57;161;-0,570495698
87,56665923;-0,604309176;-0,57;162;-0,565783429
87,76039078;-0,601430527;-0,57;163;-0,560972579
87,95412233;-0,597980394;-0,57;164;-0,556063988
88,14785387;-0,594455507;-0,57;165;-0,55105851
88,34158542;-0,590855899;-0,57;166;-0,545957017
88,53531697;-0,587181605;-0,57;167;-0,540760398
88,72904851;-0,583432662;-0,57;168;-0,53546956
88,92278006;-0,579609102;-0,57;169;-0,530085422
89,11651161;-0,575710962;-0,57;170;-0,524608925
89,31024315;-0,571738275;-0,57;171;-0,519041021
89,5039747;-0,567691078;-0,57;172;-0,513382681
89,69770625;-0,563569405;-0,57;173;-0,507634892
89,89143779;-0,55937329;-0,57;174;-0,501798653
90,08516934;-0,555260184;-0,57;175;-0,495874983
90,27890089;-0,552405521;-0,57;176;-0,489864914
90,47263244;-0,549266104;-0,57;177;-0,483769492
90,66636398;-0,545841786;-0,57;178;-0,477589779
90,86009553;-0,542132418;-0,57;179;-0,471326853
91,05382708;-0,537815662;-0,57;180;-0,464981805
91,24755862;-0,53274501;-0,57;181;-0,458555739
91,44129017;-0,527428199;-0,57;182;-0,452049777
91,63502172;-0,52186507;-0,57;183;-0,445465051
91,82875326;-0,516055462;-0,57;184;-0,438802708
92,02248481;-0,509999215;-0,57;185;-0,43206391
92,21621636;-0,503696171;-0,57;186;-0,425249831
92,40994791;-0,497146168;-0,57;187;-0,418361657
92,60367945;-0,490349047;-0,57;188;-0,41140059
92,797411;-0,483304649;-0,57;189;-0,404367841
92,99114255;-0,476012814;-0,57;190;-0,397264637
93,18487409;-0,468473381;-0,57;191;-0,390092214
93,37860564;-0,460686193;-0,57;192;-0,382851824
93,57233719;-0,452704372;-0,57;193;-0,375544726
93,76606873;-0,444656879;-0,57;194;-0,368172195
93,95980028;-0,436549008;-0,57;195;-0,360735515
94,15353183;-0,428380759;-0,57;196;-0,353235981
94,34726338;-0,420152136;-0,57;197;-0,345674901
94,54099492;-0,41186314;-0,57;198;-0,338053592
94,73472647;-0,403513775;-0,57;199;-0,330373381
94,92845802;-0,395104042;-0,57;200;-0,322635607
95,12218956;-0,386633945;-0,57;201;-0,314841618
95,31592111;-0,378103486;-0,57;202;-0,306992772
95,50965266;-0,369512667;-0,57;203;-0,299090437
95,7033842;-0,36086149;-0,57;204;-0,291135989
95,89711575;-0,35214996;-0,57;205;-0,283130815
96,0908473;-0,343378078;-0,57;206;-0,275076309
96,28457884;-0,334545846;-0,57;207;-0,266973874
96,47831039;-0,325653268;-0,57;208;-0,258824923
96,67204194;-0,316700346;-0,57;209;-0,250630875
96,86577349;-0,307687083;-0,57;210;-0,242393158
97,05950503;-0,29849033;-0,57;211;-0,234113207
97,25323658;-0,287899019;-0,57;212;-0,225792465
97,44696813;-0,277365582;-0,57;213;-0,217432382
97,64069967;-0,266889993;-0,57;214;-0,209034414
97,83443122;-0,256472226;-0,57;215;-0,200600025
98,02816277;-0,246112258;-0,57;216;-0,192130684
98,22189431;-0,235810063;-0,57;217;-0,183627866
98,41562586;-0,225565616;-0,57;218;-0,175093054
98,60935741;-0,215378892;-0,57;219;-0,166527734
98,80308896;-0,205249867;-0,57;220;-0,157933399
98,9968205;-0,192676071;-0,57;221;-0,149311547
99,19055205;-0,177022792;-0,57;222;-0,140663678
99,3842836;-0,161388317;-0,57;223;-0,131991301
99,57801514;-0,145772643;-0,57;224;-0,123295926
99,77174669;-0,130175773;-0,57;225;-0,114579069
99,96547824;-0,114597704;-0,57;226;-0,105842248
100,1592098;-0,099038436;-0,57;227;-0,097086985
100,3529413;-0,083497969;-0,57;228;-0,088314806
100,5466729;-0,067976303;-0,57;229;-0,079527239
100,7404044;-0,052473437;-0,57;230;-0,070725816
100,934136;-0,03698937;-0,57;231;-0,061912069
101,1278675;-0,024171805;-0,57;232;-0,053087536
101,3215991;-0,014330623;-0,57;233;-0,044253752
101,5153306;-0,004469093;-0,57;234;-0,035412258
101,7090622;0,005412771;0,57;1;0,008856922
101,9027937;0,015314954;0,57;2;0,017712301
102,0965253;0,02523744;0,57;3;0,026564594
102,2902568;0,035180215;0,57;4;0,035412258
102,4839883;0,045143264;0,57;5;0,044253752
102,6777199;0,05512657;0,57;6;0,053087536
102,8714514;0,065130119;0,57;7;0,061912069
103,065183;0,075153896;0,57;8;0,070725816
103,2589145;0,085197886;0,57;9;0,079527239
103,4526461;0,095262073;0,57;10;0,088314806
103,6463776;0,105346442;0,57;11;0,097086985
103,8401092;0,115450978;0,57;12;0,105842248
104,0338407;0,125575666;0,57;13;0,114579069
104,2275723;0,135720491;0,57;14;0,123295926
104,4213038;0,145885437;0,57;15;0,131991301
104,6150354;0,156070489;0,57;16;0,140663678
104,8087669;0,166275632;0,57;17;0,149311547
105,0024985;0,176500851;0,57;18;0,157933399
105,19623;0,18674613;0,57;19;0,166527734
105,3899616;0,197011455;0,57;20;0,175093054
105,5836931;0,207296809;0,57;21;0,183627866
105,7774246;0,217602179;0,57;22;0,192130684
105,9711562;0,227927548;0,57;23;0,200600025
106,1648877;0,238272902;0,57;24;0,209034414
106,3586193;0,248638225;0,57;25;0,217432382
106,5523508;0,259023502;0,57;26;0,225792465
106,7460824;0,269428717;0,57;27;0,234113207
106,9398139;0,279853856;0,57;28;0,242393158
107,1335455;0,290298903;0,57;29;0,250630875
107,327277;0,300763844;0,57;30;0,258824923
107,5210086;0,311248661;0,57;31;0,266973874
107,7147401;0,321753342;0,57;32;0,275076309
107,9084717;0,332277869;0,57;33;0,283130815
108,1022032;0,342822228;0,57;34;0,291135989
108,2959348;0,353386404;0,57;35;0,299090437
108,4896663;0,363970382;0,57;36;0,306992772
108,6833979;0,374582133;0,57;37;0,314841618
108,8771294;0,385211687;0,57;38;0,322635607
109,0708609;0,395606696;0,57;39;0,330373381
109,2645925;0,405003886;0,57;40;0,338053592
109,458324;0,413350001;0,57;41;0,345674901
109,6520556;0,421325641;0,57;42;0,353235981
109,8457871;0,428947833;0,57;43;0,360735515
110,0395187;0,436159067;0,57;44;0,368172195
110,2332502;0,442959675;0,57;45;0,375544726
110,4269818;0,449349986;0,57;46;0,382851824
110,6207133;0,455330332;0,57;47;0,390092214
110,8144449;0,460901042;0,57;48;0,397264637
111,0081764;0,466062446;0,57;49;0,404367841
111,201908;0,471270721;0,57;50;0,41140059
111,3956395;0,476743086;0,57;51;0,418361657
111,5893711;0,48213061;0,57;52;0,425249831
111,7831026;0,487433229;0,57;53;0,43206391
111,9768341;0,492650876;0,57;54;0,438802708
112,1705657;0,497783484;0,57;55;0,445465051
112,3642972;0,502830989;0,57;56;0,452049777
112,5580288;0,507793323;0,57;57;0,458555739
112,7517603;0,512670421;0,57;58;0,464981805
112,9454919;0,517462217;0,57;59;0,471326853
113,1392234;0,522168644;0,57;60;0,477589779
113,332955;0,526789638;0,57;61;0,483769492
113,5266865;0,531325132;0,57;62;0,489864914
113,7204181;0,53577506;0,57;63;0,495874983
113,9141496;0,540139356;0,57;64;0,501798653
114,1078812;0,544417955;0,57;65;0,507634892
114,3016127;0,548610791;0,57;66;0,513382681
114,4953443;0,552717797;0,57;67;0,519041021
114,6890758;0,55673891;0,57;68;0,524608925
114,8828074;0,560674062;0,57;69;0,530085422
115,0765389;0,564523188;0,57;70;0,53546956
115,2702704;0,568286222;0,57;71;0,540760398
115,464002;0,5719631;0,57;72;0,545957017
115,6577335;0,575553755;0,57;73;0,55105851
115,8514651;0,579058122;0,57;74;0,556063988
116,0451966;0,582476135;0,57;75;0,560972579
116,2389282;0,585807729;0,57;76;0,565783429
116,4326597;0,589017722;0,57;77;0,570495698
116,6263913;0,592223035;0,57;78;0,575108566
116,8201228;0,595558163;0,57;79;0,579621229
117,0138544;0,599023107;0,57;80;0,584032901
117,2075859;0,602617868;0,57;81;0,588342813
117,4013175;0,606342447;0,57;82;0,592550214
117,595049;0,610196845;0,57;83;0,596654371
117,7887806;0,613559061;0,57;84;0,600654568
117,9825121;0,616564776;0,57;85;0,60455011
118,1762437;0,619609019;0,57;86;0,608340317
118,3699752;0,622691763;0,57;87;0,612024529
118,5637067;0,625812983;0,57;88;0,615602104
118,7574383;0,628972654;0,57;89;0,619072418
118,9511698;0,630104674;0,57;90;0,622434868
119,1449014;0,631223655;0,57;91;0,625688866
119,3386329;0,632355633;0,57;92;0,628833846
119,5323645;0,633500606;0,57;93;0,631869261
119,726096;0,634658569;0,57;94;0,63479458
119,9198276;0,635829518;0,57;95;0,637609295
120,1135591;0,63701345;0,57;96;0,640312916
120,3072907;0,638210361;0,57;97;0,64290497
120,5010222;0,639420246;0,57;98;0,645385007
120,6947538;0,640643103;0,57;99;0,647752593
120,8884853;0,641878928;0,57;100;0,650007318
121,0822169;0,643202295;0,57;101;0,652148788
121,2759484;0,644615042;0,57;102;0,654176629
121,46968;0,646026669;0,57;103;0,656090489
121,6634115;0,647437188;0,57;104;0,657890034
121,857143;0,64884661;0,57;105;0,65957495
122,0508746;0,650254947;0,57;106;0,661144944
122,2446061;0,651662212;0,57;107;0,662599742
122,4383377;0,652635416;0,57;108;0,663939092
122,6320692;0,653016465;0,57;109;0,665162758
122,8258008;0,653372224;0,57;110;0,666270529
123,0195323;0,653702694;0,57;111;0,667262212
123,2132639;0,654007878;0,57;112;0,668137632
123,4069954;0,654287778;0,57;113;0,668896639
123,600727;0,654542394;0,57;114;0,669539099
123,7944585;0,654771729;0,57;115;0,670064901
123,9881901;0,654975785;0,57;116;0,670473954
124,1819216;0,655154563;0,57;117;0,670766185
124,3756532;0,655308066;0,57;118;0,670941544
124,5693847;0,655229017;0,57;119;0,671
124,7631162;0,655104269;0,57;120;0,670941544
124,9568478;0,654946001;0,57;121;0,670766185
125,1505793;0,654754207;0,57;122;0,670473954
125,3443109;0,654528887;0,57;123;0,670064901
125,5380424;0,654270037;0,57;124;0,669539099
125,731774;0,653977655;0,57;125;0,668896639
125,9255055;0,653651738;0,57;126;0,668137632
126,1192371;0,653292283;0,57;127;0,667262212
126,3129686;0,652899289;0,57;128;0,666270529
126,5067002;0,652472752;0,57;129;0,665162758
126,7004317;0,65201267;0,57;130;0,663939092
126,8941633;0,65151904;0,57;131;0,662599742
127,0878948;0,650991861;0,57;132;0,661144944
127,2816264;0,650431128;0,57;133;0,65957495
127,4753579;0,649836841;0,57;134;0,657890034
127,6690895;0,649208995;0,57;135;0,656090489
127,862821;0,64854759;0,57;136;0,654176629
128,0565525;0,647702479;0,57;137;0,652148788
128,2502841;0,646710876;0,57;138;0,650007318
128,4440156;0,645666913;0,57;139;0,647752593
128,6377472;0,644570586;0,57;140;0,645385007
128,8314787;0,643421888;0,57;141;0,64290497
129,0252103;0,642220814;0,57;142;0,640312916
129,2189418;0,640967358;0,57;143;0,637609295
129,4126734;0,639661514;0,57;144;0,63479458
129,6064049;0,638303277;0,57;145;0,631869261
129,8001365;0,636892641;0,57;146;0,628833846
129,993868;0,6354296;0,57;147;0,625688866
130,1875996;0,633911052;0,57;148;0,622434868
130,3813311;0,632335564;0,57;149;0,619072418
130,5750627;0,630796057;0,57;150;0,615602104
130,7687942;0,629292539;0,57;151;0,612024529
130,9625258;0,627825017;0,57;152;0,608340317
131,1562573;0,626393499;0,57;153;0,60455011
131,3499888;0,624997991;0,57;154;0,600654568
131,5437204;0,623638501;0,57;155;0,596654371
131,7374519;0,622315036;0,57;156;0,592550214
131,9311835;0,620382177;0,57;157;0,588342813
132,124915;0,61752118;0,57;158;0,584032901
132,3186466;0,61466793;0,57;159;0,579621229
132,5123781;0,611822439;0,57;160;0,575108566
132,7061097;0,608984723;0,57;161;0,570495698
132,8998412;0,606154793;0,57;162;0,565783429
133,0935728;0,603332664;0,57;163;0,560972579
133,2873043;0,60051835;0,57;164;0,556063988
133,4810359;0,597711864;0,57;165;0,55105851
133,6747674;0,594913219;0,57;166;0,545957017
133,868499;0,59212243;0,57;167;0,540760398
134,0622305;0,58933951;0,57;168;0,53546956
134,2559621;0,586564471;0,57;169;0,530085422
134,4496936;0,585290396;0,57;170;0,524608925
134,6434251;0,58569629;0,57;171;0,519041021
134,8371567;0,585718923;0,57;172;0,513382681
135,0308882;0,585358131;0,57;173;0,507634892
135,2246198;0,584613751;0,57;174;0,501798653
135,4183513;0,583485617;0,57;175;0,495874983
135,6120829;0,581973567;0,57;176;0,489864914
135,8058144;0,580077435;0,57;177;0,483769492
135,999546;0,577797059;0,57;178;0,477589779
136,1932775;0,575132275;0,57;179;0,471326853
136,3870091;0,572082919;0,57;180;0,464981805
136,5807406;0,568648827;0,57;181;0,458555739
136,7744722;0,56356817;0,57;182;0,452049777
136,9682037;0,557668681;0,57;183;0,445465051
137,1619353;0,551686426;0,57;184;0,438802708
137,3556668;0,545621398;0,57;185;0,43206391
137,5493983;0,539473592;0,57;186;0,425249831
137,7431299;0,533243001;0,57;187;0,418361657
137,9368614;0,526929619;0,57;188;0,41140059
138,130593;0,52053344;0,57;189;0,404367841
138,3243245;0,513810914;0,57;190;0,397264637
138,5180561;0,503343608;0,57;191;0,390092214
138,7117876;0,492339075;0,57;192;0,382851824
138,9055192;0,480797545;0,57;193;0,375544726
139,0992507;0,46871925;0,57;194;0,368172195
139,2929823;0,456104422;0,57;195;0,360735515
139,4867138;0,442953293;0,57;196;0,353235981
139,6804454;0,429266094;0,57;197;0,345674901
139,8741769;0,415043058;0,57;198;0,338053592
140,0679085;0,404644778;0,57;199;0,330373381
140,26164;0,39553972;0,57;200;0,322635607
140,4553716;0,38637946;0,57;201;0,314841618
140,6491031;0,377163986;0,57;202;0,306992772
140,8428346;0,367893284;0,57;203;0,299090437
141,0365662;0,35856734;0,57;204;0,291135989
141,2302977;0,349186143;0,57;205;0,283130815
141,4240293;0,339749678;0,57;206;0,275076309
141,6177608;0,330257933;0,57;207;0,266973874
141,8114924;0,320710894;0,57;208;0,258824923
142,0052239;0,311108549;0,57;209;0,250630875
142,1989555;0,301450883;0,57;210;0,242393158
142,392687;0,291737885;0,57;211;0,234113207
142,5864186;0,281969541;0,57;212;0,225792465
142,7801501;0,272145837;0,57;213;0,217432382
142,9738817;0,262266762;0,57;214;0,209034414
143,1676132;0,252332302;0,57;215;0,200600025
143,3613448;0,241961204;0,57;216;0,192130684
143,5550763;0,231582328;0,57;217;0,183627866
143,7488079;0,221244772;0,57;218;0,175093054
143,9425394;0,21094853;0,57;219;0,166527734
144,1362709;0,200693598;0,57;220;0,157933399
144,3300025;0,190479971;0,57;221;0,149311547
144,523734;0,180307645;0,57;222;0,140663678
144,7174656;0,170176615;0,57;223;0,131991301
144,9111971;0,160086876;0,57;224;0,123295926
145,1049287;0,150038423;0,57;225;0,114579069
145,2986602;0,140031252;0,57;226;0,105842248
145,4923918;0,130065357;0,57;227;0,097086985
145,6861233;0,120140735;0,57;228;0,088314806
145,8798549;0,11025738;0,57;229;0,079527239
146,0735864;0,100415287;0,57;230;0,070725816
146,267318;0,088172504;0,57;231;0,061912069
146,4610495;0,07554213;0,57;232;0,053087536
146,6547811;0,062989161;0,57;233;0,044253752
146,8485126;0,050513551;0,57;234;0,035412258
147,0422442;0,038115255;0,57;235;0,026564594
147,2359757;0,025794227;0,57;236;0,017712301
147,4297072;0,013550423;0,57;237;0,008856922
147,6234388;0,001383797;0,57;238;8,22E-17
147,8171703;-0,010705696;-0,57;1;-0,008856922
148,0109019;-0,022718101;-0,57;2;-0,017712301
148,2046334;-0,034653463;-0,57;3;-0,026564594
148,398365;-0,046511829;-0,57;4;-0,035412258
148,5920965;-0,058293242;-0,57;5;-0,044253752
148,7858281;-0,069997749;-0,57;6;-0,053087536
148,9795596;-0,081625395;-0,57;7;-0,061912069
149,1732912;-0,093176224;-0,57;8;-0,070725816
149,3670227;-0,104650283;-0,57;9;-0,079527239
149,5607543;-0,115177829;-0,57;10;-0,088314806
149,7544858;-0,12526224;-0,57;11;-0,097086985
149,9482174;-0,135346094;-0,57;12;-0,105842248
150,1419489;-0,145429378;-0,57;13;-0,114579069
150,3356804;-0,155512082;-0,57;14;-0,123295926
150,529412;-0,165594193;-0,57;15;-0,131991301
150,7231435;-0,175675699;-0,57;16;-0,140663678
150,9168751;-0,185756588;-0,57;17;-0,149311547
151,1106066;-0,195836849;-0,57;18;-0,157933399
151,3043382;-0,20591647;-0,57;19;-0,166527734
151,4980697;-0,215995439;-0,57;20;-0,175093054
151,6918013;-0,226073743;-0,57;21;-0,183627866
151,8855328;-0,236151372;-0,57;22;-0,192130684
152,0792644;-0,246228313;-0,57;23;-0,200600025
152,2729959;-0,256304554;-0,57;24;-0,209034414
152,4667275;-0,266380084;-0,57;25;-0,217432382
152,660459;-0,276454891;-0,57;26;-0,225792465
152,8541906;-0,286528962;-0,57;27;-0,234113207
153,0479221;-0,296602286;-0,57;28;-0,242393158
153,2416537;-0,306674852;-0,57;29;-0,250630875
153,4353852;-0,316746646;-0,57;30;-0,258824923
153,6291167;-0,326695572;-0,57;31;-0,266973874
153,8228483;-0,335844669;-0,57;32;-0,275076309
154,0165798;-0,344192313;-0,57;33;-0,283130815
154,2103114;-0,351738181;-0,57;34;-0,291135989
154,4040429;-0,358481953;-0,57;35;-0,299090437
154,5977745;-0,364423307;-0,57;36;-0,306992772
154,791506;-0,36956192;-0,57;37;-0,314841618
154,9852376;-0,376971213;-0,57;38;-0,322635607
155,1789691;-0,384841097;-0,57;39;-0,330373381
155,3727007;-0,392659974;-0,57;40;-0,338053592
155,5664322;-0,400427844;-0,57;41;-0,345674901
155,7601638;-0,408144713;-0,57;42;-0,353235981
155,9538953;-0,415810582;-0,57;43;-0,360735515
156,1476269;-0,423425454;-0,57;44;-0,368172195
156,3413584;-0,430989332;-0,57;45;-0,375544726
156,53509;-0,438502219;-0,57;46;-0,382851824
156,7288215;-0,445964117;-0,57;47;-0,390092214
156,922553;-0,45337503;-0,57;48;-0,397264637
157,1162846;-0,46073496;-0,57;49;-0,404367841
157,3100161;-0,468043911;-0,57;50;-0,41140059
157,5037477;-0,475301885;-0,57;51;-0,418361657
157,6974792;-0,481529793;-0,57;52;-0,425249831
157,8912108;-0,487419224;-0,57;53;-0,43206391
158,0849423;-0,493196958;-0,57;54;-0,438802708
158,2786739;-0,498863017;-0,57;55;-0,445465051
158,4724054;-0,504417427;-0,57;56;-0,452049777
158,666137;-0,509860212;-0,57;57;-0,458555739
158,8598685;-0,515191396;-0,57;58;-0,464981805
159,0536001;-0,520522631;-0,57;59;-0,471326853
159,2473316;-0,526455716;-0,57;60;-0,477589779
159,4410632;-0,53233606;-0,57;61;-0,483769492
159,6347947;-0,538163688;-0,57;62;-0,489864914
159,8285263;-0,543938624;-0,57;63;-0,495874983
160,0222578;-0,549660895;-0,57;64;-0,501798653
160,2159893;-0,555330526;-0,57;65;-0,507634892
160,4097209;-0,560947543;-0,57;66;-0,513382681
160,6034524;-0,566511969;-0,57;67;-0,519041021
160,797184;-0,572023832;-0,57;68;-0,524608925
160,9909155;-0,57709733;-0,57;69;-0,530085422
161,1846471;-0,580083333;-0,57;70;-0,53546956
161,3783786;-0,583070573;-0,57;71;-0,540760398
161,5721102;-0,586059065;-0,57;72;-0,545957017
161,7658417;-0,589048823;-0,57;73;-0,55105851
161,9595733;-0,592039863;-0,57;74;-0,556063988
162,1533048;-0,5950322;-0,57;75;-0,560972579
162,3470364;-0,598025848;-0,57;76;-0,565783429
162,5407679;-0,601020822;-0,57;77;-0,570495698
162,7344995;-0,604017137;-0,57;78;-0,575108566
162,928231;-0,606148276;-0,57;79;-0,579621229
163,1219625;-0,607633403;-0,57;80;-0,584032901
163,3156941;-0,609114347;-0,57;81;-0,588342813
163,5094256;-0,610591116;-0,57;82;-0,592550214
163,7031572;-0,612063718;-0,57;83;-0,596654371
163,8968887;-0,61353216;-0,57;84;-0,600654568
164,0906203;-0,614996452;-0,57;85;-0,60455011
164,2843518;-0,616456599;-0,57;86;-0,608340317
164,4780834;-0,617912611;-0,57;87;-0,612024529
164,6718149;-0,619364495;-0,57;88;-0,615602104
164,8655465;-0,620812259;-0,57;89;-0,619072418
165,059278;-0,62225591;-0,57;90;-0,622434868
165,2530096;-0,623695457;-0,57;91;-0,625688866
165,4467411;-0,625130908;-0,57;92;-0,628833846
165,6404727;-0,626560856;-0,57;93;-0,631869261
165,8342042;-0,627961717;-0,57;94;-0,63479458
166,0279358;-0,629325696;-0,57;95;-0,637609295
166,2216673;-0,630652793;-0,57;96;-0,640312916
166,4153988;-0,631943006;-0,57;97;-0,64290497
166,6091304;-0,633196336;-0,57;98;-0,645385007
166,8028619;-0,634412781;-0,57;99;-0,647752593
166,9965935;-0,635592341;-0,57;100;-0,650007318
167,190325;-0,636735015;-0,57;101;-0,652148788
167,3840566;-0,637840802;-0,57;102;-0,654176629
167,5777881;-0,638909701;-0,57;103;-0,656090489
167,7715197;-0,639941713;-0,57;104;-0,657890034
167,9652512;-0,640936836;-0,57;105;-0,65957495
168,1589828;-0,64189507;-0,57;106;-0,661144944
168,3527143;-0,642816413;-0,57;107;-0,662599742
168,5464459;-0,643700866;-0,57;108;-0,663939092
168,7401774;-0,644548428;-0,57;109;-0,665162758
168,933909;-0,645359098;-0,57;110;-0,666270529
169,1276405;-0,646132876;-0,57;111;-0,667262212
169,3213721;-0,646869761;-0,57;112;-0,668137632
169,5151036;-0,647569752;-0,57;113;-0,668896639
169,7088351;-0,648232849;-0,57;114;-0,669539099
169,9025667;-0,648859052;-0,57;115;-0,670064901
170,0962982;-0,64944836;-0,57;116;-0,670473954
170,2900298;-0,650000772;-0,57;117;-0,670766185
170,4837613;-0,650516288;-0,57;118;-0,670941544
170,6774929;-0,650994907;-0,57;119;-0,671
170,8712244;-0,651436629;-0,57;120;-0,670941544
171,064956;-0,651841454;-0,57;121;-0,670766185
171,2586875;-0,652209381;-0,57;122;-0,670473954
171,4524191;-0,652540409;-0,57;123;-0,670064901
171,6461506;-0,652834539;-0,57;124;-0,669539099
171,8398822;-0,653091769;-0,57;125;-0,668896639
172,0336137;-0,653312099;-0,57;126;-0,668137632
172,2273453;-0,65349553;-0,57;127;-0,667262212
172,4210768;-0,65364206;-0,57;128;-0,666270529
172,6148084;-0,653751689;-0,57;129;-0,665162758
172,8085399;-0,652718305;-0,57;130;-0,663939092
173,0022714;-0,651256227;-0,57;131;-0,662599742
173,196003;-0,64978553;-0,57;132;-0,661144944
173,3897345;-0,648306213;-0,57;133;-0,65957495
173,5834661;-0,646818276;-0,57;134;-0,657890034
173,7771976;-0,64532172;-0,57;135;-0,656090489
173,9709292;-0,643816544;-0,57;136;-0,654176629
174,1646607;-0,642302749;-0,57;137;-0,652148788
174,3583923;-0,640780334;-0,57;138;-0,650007318
174,5521238;-0,639249299;-0,57;139;-0,647752593
174,7458554;-0,637709645;-0,57;140;-0,645385007
174,9395869;-0,636161371;-0,57;141;-0,64290497
175,1333185;-0,634604478;-0,57;142;-0,640312916
175,32705;-0,633038966;-0,57;143;-0,637609295
175,5207816;-0,631464834;-0,57;144;-0,63479458
175,7145131;-0,629882083;-0,57;145;-0,631869261
175,9082447;-0,628290713;-0,57;146;-0,628833846
176,1019762;-0,626690723;-0,57;147;-0,625688866
176,2957077;-0,625082114;-0,57;148;-0,622434868
176,4894393;-0,623464886;-0,57;149;-0,619072418
176,6831708;-0,621839039;-0,57;150;-0,615602104
176,8769024;-0,620269116;-0,57;151;-0,612024529
177,0706339;-0,619039105;-0,57;152;-0,608340317
177,2643655;-0,617873888;-0,57;153;-0,60455011
177,458097;-0,616773494;-0,57;154;-0,600654568
177,6518286;-0,615737953;-0,57;155;-0,596654371
177,8455601;-0,614767294;-0,57;156;-0,592550214
178,0392917;-0,613861547;-0,57;157;-0,588342813
178,2330232;-0,613020742;-0,57;158;-0,584032901
178,4267548;-0,611232123;-0,57;159;-0,579621229
178,6204863;-0,606771558;-0,57;160;-0,575108566
178,8142179;-0,602276053;-0,57;161;-0,570495698
179,0079494;-0,597745615;-0,57;162;-0,565783429
179,2016809;-0,593180252;-0,57;163;-0,560972579
179,3954125;-0,588579973;-0,57;164;-0,556063988
179,589144;-0,583944786;-0,57;165;-0,55105851
179,7828756;-0,579274699;-0,57;166;-0,545957017
179,9766071;-0,57456972;-0,57;167;-0,540760398
180,1703387;-0,569829859;-0,57;168;-0,53546956
180,3640702;-0,565055122;-0,57;169;-0,530085422
180,5578018;-0,560245519;-0,57;170;-0,524608925
180,7515333;-0,555401058;-0,57;171;-0,519041021
180,9452649;-0,550521747;-0,57;172;-0,513382681
181,1389964;-0,545607594;-0,57;173;-0,507634892
181,332728;-0,540658609;-0,57;174;-0,501798653
181,5264595;-0,535674799;-0,57;175;-0,495874983
181,7201911;-0,530656172;-0,57;176;-0,489864914
181,9139226;-0,525602738;-0,57;177;-0,483769492
182,1076542;-0,520514504;-0,57;178;-0,477589779
182,3013857;-0,51539148;-0,57;179;-0,471326853
182,4951172;-0,510233673;-0,57;180;-0,464981805
182,6888488;-0,505041092;-0,57;181;-0,458555739
182,8825803;-0,499813745;-0,57;182;-0,452049777
183,0763119;-0,494551642;-0,57;183;-0,445465051
183,2700434;-0,48925479;-0,57;184;-0,438802708
183,463775;-0,483923198;-0,57;185;-0,43206391
183,6575065;-0,478556875;-0,57;186;-0,425249831
183,8512381;-0,473155829;-0,57;187;-0,418361657
184,0449696;-0,467720069;-0,57;188;-0,41140059
184,2387012;-0,462249603;-0,57;189;-0,404367841
184,4324327;-0,45674444;-0,57;190;-0,397264637
184,6261643;-0,451204589;-0,57;191;-0,390092214
184,8198958;-0,445630058;-0,57;192;-0,382851824
185,0136274;-0,440020855;-0,57;193;-0,375544726
185,2073589;-0,434376991;-0,57;194;-0,368172195
185,4010905;-0,428698472;-0,57;195;-0,360735515
185,594822;-0,422985309;-0,57;196;-0,353235981
185,7885535;-0,417237509;-0,57;197;-0,345674901
185,9822851;-0,411455081;-0,57;198;-0,338053592
186,1760166;-0,405176638;-0,57;199;-0,330373381
186,3697482;-0,398686231;-0,57;200;-0,322635607
186,5634797;-0,393636833;-0,57;201;-0,314841618
186,7572113;-0,388454597;-0,57;202;-0,306992772
186,9509428;-0,382586193;-0,57;203;-0,299090437
187,1446744;-0,376031342;-0,57;204;-0,291135989
187,3384059;-0,36878977;-0,57;205;-0,283130815
187,5321375;-0,3608612;-0,57;206;-0,275076309
187,725869;-0,351284113;-0,57;207;-0,266973874
187,9196006;-0,339817603;-0,57;208;-0,258824923
188,1133321;-0,326419748;-0,57;209;-0,250630875
188,3070637;-0,312032998;-0,57;210;-0,242393158
188,5007952;-0,297801496;-0,57;211;-0,234113207
188,6945268;-0,28372528;-0,57;212;-0,225792465
188,8882583;-0,269804391;-0,57;213;-0,217432382
189,0819898;-0,256038869;-0,57;214;-0,209034414
189,2757214;-0,242428752;-0,57;215;-0,200600025
189,4694529;-0,228974081;-0,57;216;-0,192130684
189,6631845;-0,215674896;-0,57;217;-0,183627866
189,856916;-0,202531236;-0,57;218;-0,175093054
190,0506476;-0,189543139;-0,57;219;-0,166527734
190,2443791;-0,178951497;-0,57;220;-0,157933399
190,4381107;-0,168692604;-0,57;221;-0,149311547
190,6318422;-0,158470074;-0,57;222;-0,140663678
190,8255738;-0,148283901;-0,57;223;-0,131991301
191,0193053;-0,138134076;-0,57;224;-0,123295926
191,2130369;-0,128020593;-0,57;225;-0,114579069
191,4067684;-0,117943444;-0,57;226;-0,105842248
191,6005;-0,107902622;-0,57;227;-0,097086985
191,7942315;-0,097898121;-0,57;228;-0,088314806
191,987963;-0,087929932;-0,57;229;-0,079527239
192,1816946;-0,077998049;-0,57;230;-0,070725816
192,3754261;-0,068102464;-0,57;231;-0,061912069
192,5691577;-0,05824317;-0,57;232;-0,053087536
192,7628892;-0,04842016;-0,57;233;-0,044253752
192,9566208;-0,038633426;-0,57;234;-0,035412258
193,1503523;-0,02888296;-0,57;235;-0,026564594
193,3440839;-0,019168757;-0,57;236;-0,017712301
193,5378154;-0,009490808;-0,57;237;-0,008856922
193,731547;0,000150895;-0,57;238;-8,22E-17
